id,url,final_url,http_status,html_file,text_file,thirdparty_file,risk,category,illicit_activity_type,text_length,collected_at
1,http://www.teramill.com/,http://www.teramill.com/,200,html/000001.html,text/000001.txt,thirdparty/000001.json,High,Scam,Suspicious,2416,9/24/2026
2,http://www.f0519141.xsph.ru/,http://www.f0519141.xsph.ru/,200,html/000002.html,text/000002.txt,thirdparty/000002.json,High,Scam,Suspicious,1728,9/24/2026
3,http://www.shprakserf.gq/,http://www.shprakserf.gq/,200,html/000003.html,text/000003.txt,thirdparty/000003.json,High,Scam,Suspicious,1765,9/24/2026
4,https://service-mitld.firebaseapp.com/,https://service-mitld.firebaseapp.com/,200,html/000004.html,text/000004.txt,thirdparty/000004.json,Safe,Business,Legitimate,205,9/24/2026
5,http://www.kuradox92.lima-city.de/,http://www.kuradox92.lima-city.de/,200,html/000005.html,text/000005.txt,thirdparty/000005.json,Moderate,Tech,Suspicious,183,9/24/2026
6,https://liuy-9a930.web.app/,https://liuy-9a930.web.app/,200,html/000006.html,text/000006.txt,thirdparty/000006.json,Safe,Tech,Legitimate,2144,9/24/2026
7,https://ipfs.io/ipfs/qmrvvyr84esa2assw9vvwupqjgsdn4c3dwkusfdwzdz3kn?clientid=noc@protocol.ai,https://ipfs.io/ipfs/qmrvvyr84esa2assw9vvwupqjgsdn4c3dwkusfdwzdz3kn?clientid=noc@protocol.ai,200,html/000007.html,text/000007.txt,thirdparty/000007.json,Moderate,Tech,Suspicious,183,9/24/2026
8,http://att-103731-107123.weeblysite.com/,http://att-103731-107123.weeblysite.com/,200,html/000008.html,text/000008.txt,thirdparty/000008.json,Moderate,Tech,Suspicious,243,9/24/2026
9,https://hidok4f8zl.firebaseapp.com/,https://hidok4f8zl.firebaseapp.com/,200,html/000009.html,text/000009.txt,thirdparty/000009.json,Safe,Social,Legitimate,800,9/24/2026
10,http://www.ooguy.com/,http://www.ooguy.com/,200,html/000010.html,text/000010.txt,thirdparty/000010.json,Safe,Social,Legitimate,800,9/24/2026
11,http://www.fairytalesinc.com/,http://www.fairytalesinc.com/,200,html/000011.html,text/000011.txt,thirdparty/000011.json,Moderate,Tech,Suspicious,1610,9/24/2026
12,http://www.iuhjn.pplink.club/,http://www.iuhjn.pplink.club/,200,html/000012.html,text/000012.txt,thirdparty/000012.json,High,Scam,Suspicious,24816,9/24/2026
13,https://mechinchem-5cb8a.web.app/,https://mechinchem-5cb8a.web.app/,200,html/000013.html,text/000013.txt,thirdparty/000013.json,High,Scam,Suspicious,136,9/24/2026
14,https://fb-restriction-case-97be5.web.app/,https://fb-restriction-case-97be5.web.app/,200,html/000014.html,text/000014.txt,thirdparty/000014.json,High,Scam,Suspicious,124,9/24/2026
15,http://www.whoer.net/,http://www.whoer.net/,200,html/000015.html,text/000015.txt,thirdparty/000015.json,High,Scam,Suspicious,13116,9/24/2026
16,http://www.noc.su/,http://www.noc.su/,200,html/000016.html,text/000016.txt,thirdparty/000016.json,High,Scam,Suspicious,1727,9/24/2026
17,https://accepupdeting.start.page/,https://accepupdeting.start.page/,200,html/000017.html,text/000017.txt,thirdparty/000017.json,High,Scam,Suspicious,293,9/24/2026
18,http://www.christopher-cloos.com/,http://www.christopher-cloos.com/,200,html/000018.html,text/000018.txt,thirdparty/000018.json,Safe,Shopping,Legitimate,4039,9/24/2026
19,http://www.tzafrir.org.il/,http://www.tzafrir.org.il/,200,html/000019.html,text/000019.txt,thirdparty/000019.json,Moderate,Tech,Suspicious,115,9/24/2026
20,http://www.crypto-pool.fr/,http://www.crypto-pool.fr/,200,html/000020.html,text/000020.txt,thirdparty/000020.json,Moderate,Finance,Suspicious,126,9/24/2026
21,http://www.karizcustomizeme.com/,http://www.karizcustomizeme.com/,200,html/000021.html,text/000021.txt,thirdparty/000021.json,High,Scam,Suspicious,2808,9/24/2026
22,https://www.google.com/url?q=https://ipfs.io/ipfs/qmpovsvevlyhp2gj6vfhkqvhaydz1o7y2xn3xt87kkghtv%23%5bemail%5d&amp;source=gmail&amp;ust=1663915474090000&amp;usg=aovvaw1usggtmp1ivavtzsxcz8g1,https://www.google.com/url?q=https://ipfs.io/ipfs/qmpovsvevlyhp2gj6vfhkqvhaydz1o7y2xn3xt87kkghtv%23%5bemail%5d&amp;source=gmail&amp;ust=1663915474090000&amp;usg=aovvaw1usggtmp1ivavtzsxcz8g1,200,html/000022.html,text/000022.txt,thirdparty/000022.json,High,Scam,Suspicious,551,9/24/2026
23,http://www.silverbell.000space.com/,http://www.silverbell.000space.com/,200,html/000023.html,text/000023.txt,thirdparty/000023.json,High,Scam,Suspicious,2938,9/24/2026
24,https://etiliseramik.com/wp-includes/vector/login.htm,https://etiliseramik.com/wp-includes/vector/login.htm,200,html/000024.html,text/000024.txt,thirdparty/000024.json,High,Scam,Suspicious,1377,9/24/2026
25,http://www.ecolerubanvert.com/,http://www.ecolerubanvert.com/,200,html/000025.html,text/000025.txt,thirdparty/000025.json,High,Scam,Suspicious,2032,9/24/2026
26,http://www.yellowleos.phpnet.us/,http://www.yellowleos.phpnet.us/,200,html/000026.html,text/000026.txt,thirdparty/000026.json,High,Scam,Suspicious,2938,9/24/2026
27,http://www.sharepoint.agency/,http://www.sharepoint.agency/,200,html/000027.html,text/000027.txt,thirdparty/000027.json,High,Scam,Suspicious,1479,9/24/2026
28,http://www.semanariolaprensa.com/,http://www.semanariolaprensa.com/,200,html/000028.html,text/000028.txt,thirdparty/000028.json,High,Scam,Suspicious,12376,9/24/2026
29,https://metafb-tvz6efk.web.app/,https://metafb-tvz6efk.web.app/,200,html/000029.html,text/000029.txt,thirdparty/000029.json,High,Scam,Suspicious,7,9/24/2026
30,http://www.aresync.com/,http://www.aresync.com/,200,html/000030.html,text/000030.txt,thirdparty/000030.json,High,Scam,Suspicious,381,9/24/2026
31,https://onlinequranteaching.com/public/nzvjez64c8hpxfn8g6hdvff8yzdyhhfo,https://onlinequranteaching.com/public/nzvjez64c8hpxfn8g6hdvff8yzdyhhfo,200,html/000031.html,text/000031.txt,thirdparty/000031.json,High,Phishing,Suspicious,245,9/24/2026
32,http://www.stmfl.com/,https://www.resolutional.com/,200,html/000032.html,text/000032.txt,thirdparty/000032.json,High,Scam,Suspicious,445,9/24/2026
33,http://www.erlegen.de/,https://website.org/404?domain=erlegen.de,200,html/000033.html,text/000033.txt,thirdparty/000033.json,High,Scam,Suspicious,11,9/24/2026
34,https://www.faewood.com/,https://www.faewood.com/,200,html/000034.html,text/000034.txt,thirdparty/000034.json,High,Scam,Suspicious,237,9/24/2026
35,http://www.play.stream.vidzi.tv/,http://www.play.stream.vidzi.tv/,200,html/000035.html,text/000035.txt,thirdparty/000035.json,Safe,Tech,Legitimate,28,9/24/2026
36,https://roundcube-updatealx.web.app/,https://roundcube-updatealx.web.app/,200,html/000036.html,text/000036.txt,thirdparty/000036.json,Safe,Tech,Legitimate,17,9/24/2026
37,https://poscaro.firebaseapp.com/,https://poscaro.firebaseapp.com/,200,html/000037.html,text/000037.txt,thirdparty/000037.json,Safe,Tech,Legitimate,87,9/24/2026
38,http://nmve.xyz/,https://parking.onamae.com/?domain=nmve.xyz,200,html/000038.html,text/000038.txt,thirdparty/000038.json,High,Scam,Suspicious,62,9/24/2026
39,https://yodsecinserv.firebaseapp.com/,https://yodsecinserv.firebaseapp.com/,200,html/000039.html,text/000039.txt,thirdparty/000039.json,Safe,Tech,Legitimate,84,9/24/2026
40,https://jnlklknlknlk.agilecrm.com/landing/5390662233292800,https://jnlklknlknlk.agilecrm.com/landing/5390662233292800,200,html/000040.html,text/000040.txt,thirdparty/000040.json,High,Scam,Suspicious,22,9/24/2026
41,http://www.kovasrot.cz/,http://www.kovasrot.cz/,200,html/000041.html,text/000041.txt,thirdparty/000041.json,High,Scam,Suspicious,64,9/24/2026
42,http://www.reco.ws/,http://www.reco.ws/,200,html/000042.html,text/000042.txt,thirdparty/000042.json,High,Scam,Suspicious,27,9/24/2026
43,https://app.box.com/s/x6agocx9zvj049azirk4aw3xrqdedqhl,https://app.box.com/s/x6agocx9zvj049azirk4aw3xrqdedqhl,200,html/000043.html,text/000043.txt,thirdparty/000043.json,High,Scam,Suspicious,3,9/24/2026
44,http://www.thomasreany.com/,http://www.thomasreany.com/,200,html/000044.html,text/000044.txt,thirdparty/000044.json,High,Scam,Suspicious,390,9/24/2026
45,https://shrtco.de/1d9yeo,https://shrtco.de/1d9yeo,200,html/000045.html,text/000045.txt,thirdparty/000045.json,Moderate,Tech,Suspicious,0,9/24/2026
46,http://www.iamgr.com/,http://www.iamgr.com/,200,html/000046.html,text/000046.txt,thirdparty/000046.json,Moderate,Tech,Suspicious,28,9/24/2026
47,https://serviceadhelpmeta.web.app/,https://serviceadhelpmeta.web.app/,200,html/000047.html,text/000047.txt,thirdparty/000047.json,High,Scam,Suspicious,0,9/24/2026
48,https://track-id0909.web.app/,https://track-id0909.web.app/,200,html/000048.html,text/000048.txt,thirdparty/000048.json,High,Scam,Suspicious,0,9/24/2026
49,http://www.hexe.in/,https://website.org/404?domain=hexe.in,200,html/000049.html,text/000049.txt,thirdparty/000049.json,High,Scam,Suspicious,11,9/24/2026
50,http://www.laurabarstowart.com/,http://www.laurabarstowart.com/,200,html/000050.html,text/000050.txt,thirdparty/000050.json,Safe,Business,Legitimate,398,9/24/2026
51,http://www.disinvestigations.com/,http://www.disinvestigations.com/,200,html/000051.html,text/000051.txt,thirdparty/000051.json,Safe,Business,Legitimate,401,9/24/2026
52,https://dmbelectricinc.com/,https://dmbelectricinc.com/,200,html/000052.html,text/000052.txt,thirdparty/000052.json,High,Scam,Suspicious,705,9/24/2026
53,https://gmxfka.web.app/,https://gmxfka.web.app/,200,html/000053.html,text/000053.txt,thirdparty/000053.json,High,Scam,Suspicious,43,9/24/2026
54,https://mtb-247-sec00.firebaseapp.com/,https://mtb-247-sec00.firebaseapp.com/,200,html/000054.html,text/000054.txt,thirdparty/000054.json,High,Scam,Suspicious,356,9/24/2026
55,http://www.turkiyedenalmanyayanakliyat.com/,https://www.turkiyedenalmanyayanakliyat.com/,200,html/000055.html,text/000055.txt,thirdparty/000055.json,High,Scam,Suspicious,87,9/24/2026
56,http://www.nonurseleftbehind.net/,http://www.nonurseleftbehind.net/,200,html/000056.html,text/000056.txt,thirdparty/000056.json,High,Scam,Suspicious,403,9/24/2026
57,https://www.rewildingargentina.org/,https://rewildingargentina.org/,200,html/000057.html,text/000057.txt,thirdparty/000057.json,High,Scam,Suspicious,584,9/24/2026
58,https://www.southbankmosaics.com/,https://www.southbankmosaics.com/,200,html/000058.html,text/000058.txt,thirdparty/000058.json,Moderate,Finance,Suspicious,26358,9/24/2026
59,https://www.hyderabadonline.in/,https://www.hyderabadonline.in/,200,html/000059.html,text/000059.txt,thirdparty/000059.json,High,Scam,Suspicious,1710,9/24/2026
60,https://www.globalreporting.org/,https://www.globalreporting.org/,200,html/000060.html,text/000060.txt,thirdparty/000060.json,High,Scam,Suspicious,5945,9/24/2026
61,https://www.uni-mainz.de/,https://www.uni-mainz.de/,200,html/000061.html,text/000061.txt,thirdparty/000061.json,High,Scam,Suspicious,1463,9/24/2026
62,https://www.saffronart.com/,https://www.saffronart.com/,200,html/000062.html,text/000062.txt,thirdparty/000062.json,High,Scam,Suspicious,450,9/24/2026
63,https://www.aap.org/,https://www.aap.org/,200,html/000063.html,text/000063.txt,thirdparty/000063.json,Safe,News,Legitimate,4181,9/24/2026
64,https://www.voicefmradio.co.uk/,https://www.voicefmradio.co.uk/,200,html/000064.html,text/000064.txt,thirdparty/000064.json,Safe,News,Legitimate,1920,9/24/2026
65,https://www.dbs.com/,https://www.dbs.com/default.page,200,html/000065.html,text/000065.txt,thirdparty/000065.json,Safe,Finance,Legitimate,2757,9/24/2026
66,https://www.cricket.com.au/,https://www.cricket.com.au/,200,html/000066.html,text/000066.txt,thirdparty/000066.json,Safe,Entertainment,Legitimate,5338,9/24/2026
67,https://www.swedbank.se/,https://www.swedbank.se/,200,html/000067.html,text/000067.txt,thirdparty/000067.json,Safe,Finance,Legitimate,10293,9/24/2026
68,https://www.symphony.com/,https://symphony.com/,200,html/000068.html,text/000068.txt,thirdparty/000068.json,Safe,Tech,Legitimate,7388,9/24/2026
69,https://www.rotary.org/,https://www.rotary.org/,200,html/000069.html,text/000069.txt,thirdparty/000069.json,Safe,Tech,Legitimate,641,9/24/2026
70,https://www.yuvaindia.org/,https://yuvaindia.org/,200,html/000070.html,text/000070.txt,thirdparty/000070.json,Moderate,Social,Suspicious,6936,9/24/2026
71,https://www.religionenlibertad.com/,https://www.religionenlibertad.com/,200,html/000071.html,text/000071.txt,thirdparty/000071.json,High,Scam,Suspicious,14328,9/24/2026
72,https://www.theage.com.au/,https://www.theage.com.au/,200,html/000072.html,text/000072.txt,thirdparty/000072.json,Safe,News,Legitimate,18066,9/24/2026
73,https://www.vodafone.com/,https://www.vodafone.com/,200,html/000073.html,text/000073.txt,thirdparty/000073.json,Safe,Tech,Legitimate,10010,9/24/2026
74,https://www.socialpolicy.org/,https://www.socialpolicy.org/,200,html/000074.html,text/000074.txt,thirdparty/000074.json,Safe,Social,Legitimate,17714,9/24/2026
75,https://www.mitsubishielectric.com/,https://www.mitsubishielectric.com/en/,200,html/000075.html,text/000075.txt,thirdparty/000075.json,Safe,Tech,Legitimate,363,9/24/2026
76,https://www.aoh61.com/,https://www.aoh61.com/,200,html/000076.html,text/000076.txt,thirdparty/000076.json,High,Scam,Suspicious,1357,9/24/2026
77,https://www.bulgariaski.com/,https://www.bulgariaski.com/,200,html/000077.html,text/000077.txt,thirdparty/000077.json,High,Scam,Suspicious,8583,9/24/2026
78,https://www.ooty.ind.in/,https://www.ooty.ind.in/,200,html/000078.html,text/000078.txt,thirdparty/000078.json,Safe,Social,Legitimate,56394,9/24/2026
79,https://www.funzine.hu/,https://funzine.hu/,200,html/000079.html,text/000079.txt,thirdparty/000079.json,High,Scam,Legitimate,1214,9/24/2026
80,https://www.cryptocompare.com/,https://www.cryptocompare.com/,200,html/000080.html,text/000080.txt,thirdparty/000080.json,High,Scam,Suspicious,4205,9/24/2026
81,https://www.dixxon.com/,https://www.dixxon.com/,200,html/000081.html,text/000081.txt,thirdparty/000081.json,High,Scam,Suspicious,12539,9/24/2026
82,https://www.town.minamichita.lg.jp/,https://www.town.minamichita.lg.jp/,200,html/000082.html,text/000082.txt,thirdparty/000082.json,Moderate,Tech,Suspicious,5706,9/24/2026
83,https://www.diariodealmeria.es/,https://www.diariodealmeria.es/,200,html/000083.html,text/000083.txt,thirdparty/000083.json,High,Scam,Suspicious,10256,9/24/2026
84,https://www.bwresearch.com/,https://bwresearch.com/,200,html/000084.html,text/000084.txt,thirdparty/000084.json,Moderate,Tech,Suspicious,2218,9/24/2026
85,https://www.musicvideoproduction.guru/,https://www.musicvideoproduction.guru/,200,html/000085.html,text/000085.txt,thirdparty/000085.json,Moderate,Entertainment,Suspicious,13,9/24/2026
86,https://www.landed.com/,https://landed.com/,200,html/000086.html,text/000086.txt,thirdparty/000086.json,High,Scam,Suspicious,20641,9/24/2026
87,https://www.metroretrovintage.com/,https://www.metroretrovintage.com/,200,html/000087.html,text/000087.txt,thirdparty/000087.json,Safe,Shopping,Legitimate,2856,9/24/2026
88,https://www.ibeani.co.uk/,https://www.ibeani.co.uk/,200,html/000088.html,text/000088.txt,thirdparty/000088.json,Safe,Shopping,Legitimate,5771,9/24/2026
89,https://www.vysor.io/,https://www.vysor.io/,200,html/000089.html,text/000089.txt,thirdparty/000089.json,Safe,Tech,Legitimate,767,9/24/2026
90,https://www.senacases.com/,https://us.targus.com/,200,html/000090.html,text/000090.txt,thirdparty/000090.json,High,Scam,Suspicious,6297,9/24/2026
91,https://www.marrugeku.com.au/,https://www.marrugeku.com.au/,200,html/000091.html,text/000091.txt,thirdparty/000091.json,Moderate,Tech,Suspicious,1552,9/24/2026
92,https://www.vespatales.com/,https://www.vespatales.com/,200,html/000092.html,text/000092.txt,thirdparty/000092.json,Moderate,Tech,Suspicious,17659,9/24/2026
93,https://www.recettessimples.fr/,https://recettessimples.fr/,200,html/000093.html,text/000093.txt,thirdparty/000093.json,Safe,Tech,Legitimate,2590,9/24/2026
94,https://www.karenmillen.com/,https://www.karenmillen.com/,200,html/000094.html,text/000094.txt,thirdparty/000094.json,High,Scam,Suspicious,497,9/24/2026
95,https://www.klerk.ru/,https://www.klerk.ru/,200,html/000095.html,text/000095.txt,thirdparty/000095.json,High,Scam,Suspicious,17806,9/24/2026
96,https://www.lanereport.com/,https://www.lanereport.com/,200,html/000096.html,text/000096.txt,thirdparty/000096.json,High,Scam,Suspicious,8620,9/24/2026
97,https://www.salutlive.com/,https://www.silverpickranchtelluride.com/,200,html/000097.html,text/000097.txt,thirdparty/000097.json,High,Scam,Suspicious,4389,9/24/2026
98,https://www.schmitzfotografia.com.br/,https://www.schmitzfotografia.com.br/,200,html/000098.html,text/000098.txt,thirdparty/000098.json,High,Scam,Suspicious,5220,9/24/2026
99,https://www.spg.pt/,https://www.spg.pt/,200,html/000099.html,text/000099.txt,thirdparty/000099.json,High,Scam,Suspicious,2062,9/24/2026
100,https://www.mlpack.org/,https://www.mlpack.org/,200,html/000100.html,text/000100.txt,thirdparty/000100.json,Safe,Tech,Legitimate,1556,9/24/2026
101,https://www.torahmates.org/,https://www.torahmates.org/,200,html/000101.html,text/000101.txt,thirdparty/000101.json,High,Scam,Suspicious,1457,9/24/2026
102,https://www.coraevans.com/,https://www.coraevans.com/,200,html/000102.html,text/000102.txt,thirdparty/000102.json,Safe,Shopping,Legitimate,4812,9/24/2026
103,https://www.pimpim.lt/,https://www.pimpim.lt/,200,html/000103.html,text/000103.txt,thirdparty/000103.json,High,Scam,Suspicious,5135,9/24/2026
104,https://www.classfmonline.com/,https://www.classfmonline.com/,200,html/000104.html,text/000104.txt,thirdparty/000104.json,Moderate,Tech,Suspicious,6237,9/24/2026
105,https://www.radware.com/,https://www.radware.com/,200,html/000105.html,text/000105.txt,thirdparty/000105.json,Moderate,Tech,Suspicious,106,9/24/2026
106,https://www.varzesh3.com/,https://www.varzesh3.com/,200,html/000106.html,text/000106.txt,thirdparty/000106.json,High,Scam,Suspicious,62209,9/24/2026
107,https://www.gitguardian.com/,https://www.gitguardian.com/,200,html/000107.html,text/000107.txt,thirdparty/000107.json,Safe,Tech,Legitimate,6541,9/24/2026
108,https://www.crowncenter.com/,https://www.crowncenter.com/,200,html/000108.html,text/000108.txt,thirdparty/000108.json,Moderate,Tech,Suspicious,1212,9/24/2026
109,https://www.dancetheyard.org/,https://www.dancetheyard.org/,200,html/000109.html,text/000109.txt,thirdparty/000109.json,High,Scam,Suspicious,784,9/24/2026
110,https://www.olly.com/,https://www.olly.com/,200,html/000110.html,text/000110.txt,thirdparty/000110.json,Safe,Shopping,Legitimate,2708,9/24/2026
111,https://www.naturalearthdata.com/,https://www.naturalearthdata.com/,200,html/000111.html,text/000111.txt,thirdparty/000111.json,Safe,Shopping,Legitimate,5826,9/24/2026
112,https://www.lukul.sk/,https://www.lukul.sk/,200,html/000112.html,text/000112.txt,thirdparty/000112.json,Safe,Social,Legitimate,6015,9/24/2026
113,https://www.hskonline.com/,https://www.hskonline.com/,200,html/000113.html,text/000113.txt,thirdparty/000113.json,High,Scam,Suspicious,5440,9/24/2026
114,https://www.scandlines.dk/,https://www.scandlines.dk/,200,html/000114.html,text/000114.txt,thirdparty/000114.json,Safe,Shopping,Legitimate,2947,9/24/2026
115,https://www.c.line-design.fr/,https://www.c.line-design.fr/,200,html/000115.html,text/000115.txt,thirdparty/000115.json,High,Scam,Suspicious,8201,9/24/2026
116,https://www.capeblancoheritagesociety.com/,https://www.capeblancoheritagesociety.com/,200,html/000116.html,text/000116.txt,thirdparty/000116.json,Moderate,Business,Suspicious,4208,9/24/2026
117,https://www.tileandstonejournal.com/,https://www.tileandstonejournal.com/,200,html/000117.html,text/000117.txt,thirdparty/000117.json,Safe,Social,Legitimate,5176,9/24/2026
118,https://www.nutritioncare.org/,https://nutritioncare.org/,200,html/000118.html,text/000118.txt,thirdparty/000118.json,Safe,Social,Legitimate,4880,9/24/2026
119,https://www.kellerberrin.wa.gov.au/,https://www.kellerberrin.wa.gov.au/,200,html/000119.html,text/000119.txt,thirdparty/000119.json,Safe,Government,Legitimate,1461,9/24/2026
120,https://www.poundingtherock.com/,https://www.poundingtherock.com/,200,html/000120.html,text/000120.txt,thirdparty/000120.json,High,Scam,Suspicious,7747,9/24/2026
121,https://www.ytv.co.jp/,https://www.ytv.co.jp/,200,html/000121.html,text/000121.txt,thirdparty/000121.json,Safe,Entertainment,Legitimate,963,9/24/2026
122,https://www.stadtgarten.de/,https://www.stadtgarten.de/,200,html/000122.html,text/000122.txt,thirdparty/000122.json,Safe,Food,Legitimate,3217,9/24/2026
123,https://www.spket.com/,https://www.spket.com/,200,html/000123.html,text/000123.txt,thirdparty/000123.json,Moderate,Tech,Suspicious,1360,9/24/2026
124,https://www.today.uci.edu/,https://www.today.uci.edu/,200,html/000124.html,text/000124.txt,thirdparty/000124.json,Safe,Education,Legitimate,697,9/24/2026
125,https://www.americanauctioneers.com/,https://www.americanauctioneers.com/,200,html/000125.html,text/000125.txt,thirdparty/000125.json,Moderate,Social,Suspicious,5140,9/24/2026
126,https://www.heramission.space/,https://www.heramission.space/,200,html/000126.html,text/000126.txt,thirdparty/000126.json,High,Scam,Suspicious,14444,9/24/2026
127,https://www.gunsmokenet.com/,https://www.gunsmokenet.com/,200,html/000127.html,text/000127.txt,thirdparty/000127.json,Safe,Entertainment,Legitimate,1837,9/24/2026
128,https://www.circlek.org/,https://www.circlek.org/,200,html/000128.html,text/000128.txt,thirdparty/000128.json,High,Scam,Suspicious,3073,9/24/2026
129,https://www.bocajnarima.com/,https://www.bocajnarima.com/,200,html/000129.html,text/000129.txt,thirdparty/000129.json,Safe,Shopping,Legitimate,2388,9/24/2026
130,https://www.estamos.de/,https://www.estamos.de/,200,html/000130.html,text/000130.txt,thirdparty/000130.json,High,Scam,Suspicious,1060,9/24/2026
131,https://www.airlinesupports.com/,https://www.airlinesupports.com/,200,html/000131.html,text/000131.txt,thirdparty/000131.json,Safe,Travel,Legitimate,1761,9/24/2026
132,https://www.ackerstadtpalast.de/,https://www.ackerstadtpalast.de/,200,html/000132.html,text/000132.txt,thirdparty/000132.json,Moderate,Tech,Suspicious,227,9/24/2026
133,https://www.raw-health-coach.com/,https://www.raw-health-coach.com/,200,html/000133.html,text/000133.txt,thirdparty/000133.json,Safe,Health,Legitimate,11010,9/24/2026
134,https://www.shopfiire.com/,https://www.shopfiire.com/,200,html/000134.html,text/000134.txt,thirdparty/000134.json,Safe,Shopping,Legitimate,379,9/24/2026
135,https://www.mro.nmt.edu/,https://www.mro.nmt.edu/,200,html/000135.html,text/000135.txt,thirdparty/000135.json,Safe,Education,Legitimate,1885,9/24/2026
136,https://www.hee.nhs.uk/,https://www.hee.nhs.uk/,200,html/000136.html,text/000136.txt,thirdparty/000136.json,Moderate,Social,Suspicious,1491,9/24/2026
137,https://www.usbirthcertificates.com/,https://www.usbirthcertificates.com/,200,html/000137.html,text/000137.txt,thirdparty/000137.json,Moderate,Social,Suspicious,10060,9/24/2026
138,https://www.secondgeargames.com/,https://www.secondgeargames.com/,200,html/000138.html,text/000138.txt,thirdparty/000138.json,Safe,Entertainment,Legitimate,2103,9/24/2026
139,https://www.doc88.com/,https://www.doc88.com/,200,html/000139.html,text/000139.txt,thirdparty/000139.json,Safe,Tech,Legitimate,2092,9/24/2026
140,https://www.dslweb.de/,https://www.dslweb.de/,200,html/000140.html,text/000140.txt,thirdparty/000140.json,Moderate,Tech,Suspicious,17341,9/24/2026
141,https://www.021.rs/,https://www.021.rs/,200,html/000141.html,text/000141.txt,thirdparty/000141.json,High,Scam,Suspicious,7943,9/24/2026
142,https://www.honneur-au-scoutisme.com/,https://www.honneur-au-scoutisme.com/,200,html/000142.html,text/000142.txt,thirdparty/000142.json,High,Scam,Suspicious,7125,9/24/2026
143,https://www.leonardodavinci.net/,https://www.leonardodavinci.net/,200,html/000143.html,text/000143.txt,thirdparty/000143.json,High,Scam,Suspicious,11758,9/24/2026
144,https://www.irgendwie-nerdig.de/,https://www.irgendwie-nerdig.de/,200,html/000144.html,text/000144.txt,thirdparty/000144.json,Safe,News,Legitimate,2120,9/24/2026
145,https://www.londondesignbiennale.com/,https://londondesignbiennale.com/,200,html/000145.html,text/000145.txt,thirdparty/000145.json,High,Scam,Suspicious,3884,9/24/2026
146,https://www.isuog.org/,https://www.isuog.org/,200,html/000146.html,text/000146.txt,thirdparty/000146.json,Moderate,Tech,Suspicious,2769,9/24/2026
147,https://www.brainy.games/,https://www.brainy.games/,200,html/000147.html,text/000147.txt,thirdparty/000147.json,Safe,Entertainment,Legitimate,1932,9/24/2026
148,https://www.hostmaster.ua/,https://www.hostmaster.ua/,200,html/000148.html,text/000148.txt,thirdparty/000148.json,Moderate,Tech,Suspicious,4885,9/24/2026
149,https://www.art.yale.edu/,https://art.yale.edu/,200,html/000149.html,text/000149.txt,thirdparty/000149.json,Safe,Education,Legitimate,1421,9/24/2026
150,https://www.iain-ternate.ac.id/,https://www.iain-ternate.ac.id/,200,html/000150.html,text/000150.txt,thirdparty/000150.json,Safe,Education,Legitimate,3901,9/24/2026
151,https://www.drskinhealth.com/,https://www.drskinhealth.com/,200,html/000151.html,text/000151.txt,thirdparty/000151.json,Moderate,Business,Suspicious,1825,9/24/2026
152,https://www.art-it.asia/,https://www.art-it.asia/,200,html/000152.html,text/000152.txt,thirdparty/000152.json,High,Scam,Suspicious,24842,9/24/2026
153,https://www.zomoplus.store/,https://www.zomoplus.store/,200,html/000153.html,text/000153.txt,thirdparty/000153.json,Safe,Shopping,Legitimate,3261,9/24/2026
154,https://www.lovebeehive.com/,https://www.lovebeehive.com/,200,html/000154.html,text/000154.txt,thirdparty/000154.json,Moderate,Social,Suspicious,1744,9/24/2026
155,https://www.cieletespace.fr/,https://www.cieletespace.fr/,200,html/000155.html,text/000155.txt,thirdparty/000155.json,Safe,Social,Legitimate,9349,9/24/2026
156,https://www.nataschavonhirschhausen.com/,https://www.nataschavonhirschhausen.com/,200,html/000156.html,text/000156.txt,thirdparty/000156.json,High,Scam,Suspicious,1735,9/24/2026
157,https://www.borizcustomsportsjerseys.com/,https://www.borizcustomsportsjerseys.com/,200,html/000157.html,text/000157.txt,thirdparty/000157.json,High,Scam,Suspicious,1333,9/24/2026
158,https://www.elcalifa.com.mx/,https://www.elcalifa.com.mx/,200,html/000158.html,text/000158.txt,thirdparty/000158.json,High,Scam,Suspicious,1524,9/24/2026
159,https://www.virtualcohen.com/,https://www.virtualcohen.com/,200,html/000159.html,text/000159.txt,thirdparty/000159.json,High,Scam,Suspicious,1446,9/24/2026
160,https://www.ecseonline.com/,https://www.ecseonline.com/,200,html/000160.html,text/000160.txt,thirdparty/000160.json,High,Scam,Suspicious,3074,9/24/2026
161,https://www.kerstopkeukenhof.nl/,https://www.kerstopkeukenhof.nl/,200,html/000161.html,text/000161.txt,thirdparty/000161.json,High,Scam,Suspicious,1371,9/24/2026
162,https://www.acc.co.nz/,https://www.acc.co.nz/,200,html/000162.html,text/000162.txt,thirdparty/000162.json,Safe,Health,Suspicious,7532,9/24/2026
163,https://www.wp-amazon-plugin.com/,https://www.wp-amazon-plugin.com/,200,html/000163.html,text/000163.txt,thirdparty/000163.json,High,Scam,Suspicious,6725,9/24/2026
164,https://www.idigbio.org/,https://www.idigbio.org/,200,html/000164.html,text/000164.txt,thirdparty/000164.json,Moderate,Tech,Suspicious,130,9/24/2026
165,https://www.energy-community.org/,https://www.energy-community.org/,200,html/000165.html,text/000165.txt,thirdparty/000165.json,Moderate,Tech,Suspicious,5208,9/24/2026
166,https://www.tcdsu.org/,https://www.tcdsu.org/,200,html/000166.html,text/000166.txt,thirdparty/000166.json,Safe,Education,Legitimate,1326,9/24/2026
167,https://www.biomagazin.de/,https://www.biomagazin.de/,200,html/000167.html,text/000167.txt,thirdparty/000167.json,Moderate,Tech,Suspicious,9064,9/24/2026
168,https://www.noticiasdealava.eus/,https://www.noticiasdealava.eus/,200,html/000168.html,text/000168.txt,thirdparty/000168.json,High,Scam,Suspicious,2196,9/24/2026
169,https://www.reflectionofsanity.com/,https://www.reflectionofsanity.com/,200,html/000169.html,text/000169.txt,thirdparty/000169.json,High,Scam,Suspicious,3889,9/24/2026
170,https://www.acsa-arch.org/,https://www.acsa-arch.org/,200,html/000170.html,text/000170.txt,thirdparty/000170.json,Safe,Business,Legitimate,13809,9/24/2026
171,https://www.fernandoalonso.com/,https://fernandoalonso.com/,200,html/000171.html,text/000171.txt,thirdparty/000171.json,Moderate,Tech,Suspicious,763,9/24/2026
172,https://www.interislander.co.nz/,https://www.interislander.co.nz/,200,html/000172.html,text/000172.txt,thirdparty/000172.json,High,Scam,Suspicious,4001,9/24/2026
173,https://www.7marvels.co.uk/,https://www.7marvels.co.uk/,200,html/000173.html,text/000173.txt,thirdparty/000173.json,Safe,Shopping,Legitimate,2331,9/24/2026
174,https://www.secrethitler.com/,https://www.secrethitler.com/,200,html/000174.html,text/000174.txt,thirdparty/000174.json,Safe,Shopping,Legitimate,16836,9/24/2026
175,https://www.groupfacilitation.net/,https://groupfacilitation.net/,200,html/000175.html,text/000175.txt,thirdparty/000175.json,Safe,News,Legitimate,2945,9/24/2026
176,https://www.kiteman.co.uk/,https://www.kiteman.co.uk/,200,html/000176.html,text/000176.txt,thirdparty/000176.json,Moderate,Tech,Suspicious,1571,9/24/2026
177,https://www.ichijinsha.co.jp/,https://www.ichijinsha.co.jp/,200,html/000177.html,text/000177.txt,thirdparty/000177.json,High,Scam,Suspicious,7510,9/24/2026
178,https://www.mapsalud.com/,https://www.mapsalud.com/,200,html/000178.html,text/000178.txt,thirdparty/000178.json,Safe,Tech,Legitimate,2218,9/24/2026
179,https://www.rakennuslehti.fi/,https://www.rakennuslehti.fi/,200,html/000179.html,text/000179.txt,thirdparty/000179.json,Moderate,Tech,Suspicious,13840,9/24/2026
180,https://www.esurranty.com/,https://www.esurranty.com/,200,html/000180.html,text/000180.txt,thirdparty/000180.json,Safe,Business,Legitimate,383,9/24/2026
181,https://www.ihub-tansa.jaxa.jp/,https://www.ihub-tansa.jaxa.jp/,200,html/000181.html,text/000181.txt,thirdparty/000181.json,Safe,News,Legitimate,6457,9/24/2026
182,https://www.extensionmethod.net/,https://www.extensionmethod.net/,200,html/000182.html,text/000182.txt,thirdparty/000182.json,High,Scam,Suspicious,10723,9/24/2026
183,https://www.psd-dude.com/,https://www.psd-dude.com/,200,html/000183.html,text/000183.txt,thirdparty/000183.json,High,Scam,Suspicious,1101,9/24/2026
184,https://www.hallekis.com/,https://www.hallekis.com/,200,html/000184.html,text/000184.txt,thirdparty/000184.json,Safe,Social,Legitimate,50313,9/24/2026
185,https://www.ireallytrade.com/,https://www.ireallytrade.com/,200,html/000185.html,text/000185.txt,thirdparty/000185.json,High,Scam,Suspicious,3735,9/24/2026
186,https://www.shoppersshop.com/,https://www.shoppersshop.com/,200,html/000186.html,text/000186.txt,thirdparty/000186.json,High,Scam,Suspicious,2320,9/24/2026
187,https://www.broesels-buecherregal.de/,https://www.broesels-buecherregal.de/,200,html/000187.html,text/000187.txt,thirdparty/000187.json,High,Scam,Suspicious,3926,9/24/2026
188,https://www.grundeinkommen.ch/,https://www.grundeinkommen.ch/,200,html/000188.html,text/000188.txt,thirdparty/000188.json,High,Scam,Suspicious,14236,9/24/2026
189,https://www.observatoryoc.com/,https://www.observatoryoc.com/,200,html/000189.html,text/000189.txt,thirdparty/000189.json,High,Scam,Suspicious,56,9/24/2026
190,https://www.slow-journalism.com/,https://www.slow-journalism.com/,200,html/000190.html,text/000190.txt,thirdparty/000190.json,Safe,Social,Legitimate,5214,9/24/2026
191,https://www.dellsramada.com/,https://www.dellsramada.com/,200,html/000191.html,text/000191.txt,thirdparty/000191.json,High,Scam,Suspicious,3657,9/24/2026
192,https://www.narcissisticabuserehab.com/,https://www.narcissisticabuserehab.com/,200,html/000192.html,text/000192.txt,thirdparty/000192.json,High,Scam,Suspicious,6993,9/24/2026
193,https://www.zadar.hr/,https://www.zadar.hr/,200,html/000193.html,text/000193.txt,thirdparty/000193.json,High,Scam,Suspicious,1409,9/24/2026
194,https://www.enowsoftware.com/,https://www.enowsoftware.com/,200,html/000194.html,text/000194.txt,thirdparty/000194.json,Safe,Tech,Legitimate,7759,9/24/2026
195,https://www.mercatus.com/,https://www.mercatus.com/,200,html/000195.html,text/000195.txt,thirdparty/000195.json,Moderate,Tech,Suspicious,3512,9/24/2026
196,https://www.discovershelby.com/,https://discovershelby.com/,200,html/000196.html,text/000196.txt,thirdparty/000196.json,High,Scam,Suspicious,2425,9/24/2026
197,https://www.pidgin.im/,https://www.pidgin.im/,200,html/000197.html,text/000197.txt,thirdparty/000197.json,Safe,Tech,Legitimate,1538,9/24/2026
198,https://www.elron.ee/,https://elron.ee/,200,html/000198.html,text/000198.txt,thirdparty/000198.json,High,Scam,Suspicious,1101,9/24/2026
199,https://www.bischberg.de/,https://www.bischberg.de/,200,html/000199.html,text/000199.txt,thirdparty/000199.json,Safe,Tech,Legitimate,3229,9/24/2026
200,https://www.dreamlikediana.com/,https://www.dreamlikediana.com/,200,html/000200.html,text/000200.txt,thirdparty/000200.json,High,Scam,Suspicious,5635,9/24/2026
201,https://www.dadivosa.com.br/,https://www.dadivosa.com.br/,200,html/000201.html,text/000201.txt,thirdparty/000201.json,High,Scam,Suspicious,5760,9/24/2026
202,https://www.1stsource.com/,https://www.1stsource.com/,200,html/000202.html,text/000202.txt,thirdparty/000202.json,High,Scam,Suspicious,2441,9/24/2026
203,https://www.ajman.travel/,https://arabcasinostars.com/,200,html/000203.html,text/000203.txt,thirdparty/000203.json,High,Scam,Suspicious,79346,9/24/2026
204,https://www.ccm.or.tz/,https://www.ccm.or.tz/,200,html/000204.html,text/000204.txt,thirdparty/000204.json,Moderate,Tech,Suspicious,26,9/24/2026
205,https://www.mtwilson.edu/,https://www.mtwilson.edu/,200,html/000205.html,text/000205.txt,thirdparty/000205.json,Safe,Education,Legitimate,5231,9/24/2026
206,https://www.selectiveasia.com/,https://www.selectiveasia.com/,200,html/000206.html,text/000206.txt,thirdparty/000206.json,High,Scam,Suspicious,12512,9/24/2026
207,https://www.mayfield.com/,https://www.mayfield.com/,200,html/000207.html,text/000207.txt,thirdparty/000207.json,High,Scam,Suspicious,1174,9/24/2026
208,https://www.theadanews.com/,https://www.theadanews.com/,200,html/000208.html,text/000208.txt,thirdparty/000208.json,Safe,News,Suspicious,6727,9/24/2026
209,https://www.beppedepalma.com/,https://www.beppedepalma.com/,200,html/000209.html,text/000209.txt,thirdparty/000209.json,High,Scam,Suspicious,3822,9/24/2026
210,https://www.christianheadlines.com/,https://www.crosswalk.com/headlines/,200,html/000210.html,text/000210.txt,thirdparty/000210.json,High,Scam,Suspicious,11616,9/24/2026
211,https://www.imidaily.com/,https://www.imidaily.com/,200,html/000211.html,text/000211.txt,thirdparty/000211.json,High,Scam,Suspicious,9966,9/24/2026
212,https://www.concretonline.com/,https://www.concretonline.com/,200,html/000212.html,text/000212.txt,thirdparty/000212.json,High,Phishing,Suspicious,13178,9/24/2026
213,https://www.areadevelopment.com/,https://www.areadevelopment.com/,200,html/000213.html,text/000213.txt,thirdparty/000213.json,Moderate,Tech,Suspicious,36818,9/24/2026
214,https://www.childbrides.org/,https://childbrides.org,200,html/000214.html,text/000214.txt,thirdparty/000214.json,Safe,News,Legitimate,22445,9/24/2026
215,https://www.pureecoinc.com/,https://www.pureecoinc.com/,200,html/000215.html,text/000215.txt,thirdparty/000215.json,High,Scam,Suspicious,12172,9/24/2026
216,https://www.siia.net/,https://www.siia.net/,200,html/000216.html,text/000216.txt,thirdparty/000216.json,High,Scam,Suspicious,2582,9/24/2026
217,https://www.cerise.tokyo/,https://www.cerise.tokyo/,200,html/000217.html,text/000217.txt,thirdparty/000217.json,Safe,Shopping,Legitimate,838,9/24/2026
218,https://www.arthurveterinaryclinic.com/,https://www.arthurveterinaryclinic.com/,200,html/000218.html,text/000218.txt,thirdparty/000218.json,Safe,Health,Legitimate,3014,9/24/2026
219,https://www.thecomfortcompany.com/,https://www.thecomfortcompany.com/,200,html/000219.html,text/000219.txt,thirdparty/000219.json,High,Phishing,Suspicious,9136,9/24/2026
220,https://www.stir.ac.uk/,https://www.stir.ac.uk/,200,html/000220.html,text/000220.txt,thirdparty/000220.json,Safe,News,Legitimate,2068,9/24/2026
221,https://www.foodnavigator.com/,https://www.foodnavigator.com/,200,html/000221.html,text/000221.txt,thirdparty/000221.json,High,Phishing,Suspicious,3669,9/24/2026
222,https://www.discoverbristol.co.uk/,https://www.discoverbristol.co.uk/,200,html/000222.html,text/000222.txt,thirdparty/000222.json,High,Phishing,Suspicious,2754,9/24/2026
223,https://www.it-internet-design.de/,https://www.it-internet-design.de/,200,html/000223.html,text/000223.txt,thirdparty/000223.json,Safe,Tech,Legitimate,266,9/24/2026
224,https://www.openautoalliance.net/,https://www.openautoalliance.net/,200,html/000224.html,text/000224.txt,thirdparty/000224.json,High,Phishing,Suspicious,49556,9/24/2026
225,https://www.lesaffaires.com/,https://www.lesaffaires.com/,200,html/000225.html,text/000225.txt,thirdparty/000225.json,High,Phishing,Suspicious,21877,9/24/2026
226,https://www.grossi.com.au/,https://www.grossi.com.au/,200,html/000226.html,text/000226.txt,thirdparty/000226.json,High,Phishing,Suspicious,2062,9/24/2026
227,https://www.plainfeld.salzburg.at/,https://www.plainfeld.salzburg.at/,200,html/000227.html,text/000227.txt,thirdparty/000227.json,Safe,Food,Legitimate,3411,9/24/2026
228,https://www.thetoc.gr/,https://www.thetoc.gr/,200,html/000228.html,text/000228.txt,thirdparty/000228.json,High,Phishing,Suspicious,52008,9/24/2026
229,https://www.poppinsonmackinac.com/,https://www.poppinsonmackinac.com/,200,html/000229.html,text/000229.txt,thirdparty/000229.json,Safe,Shopping,Legitimate,888,9/24/2026
230,https://www.nssz.ru/,https://www.nssz.ru/,200,html/000230.html,text/000230.txt,thirdparty/000230.json,High,Phishing,Suspicious,4218,9/24/2026
231,https://www.mealsonwheels4u.com/,https://www.mealsonwheels4u.com/,200,html/000231.html,text/000231.txt,thirdparty/000231.json,High,Phishing,Suspicious,1696,9/24/2026
232,https://www.scottishmaritimemuseum.org/,https://www.scottishmaritimemuseum.org/,200,html/000232.html,text/000232.txt,thirdparty/000232.json,High,Phishing,Suspicious,707,9/24/2026
233,https://www.visual-home.es/,https://www.visual-home.es/,200,html/000233.html,text/000233.txt,thirdparty/000233.json,Safe,Shopping,Legitimate,2476,9/24/2026
234,https://www.kurzurlaub.de/,https://www.kurzurlaub.de/,200,html/000234.html,text/000234.txt,thirdparty/000234.json,High,Phishing,Suspicious,36354,9/24/2026
235,https://www.paygo.lk/,https://paygo.lk/,200,html/000235.html,text/000235.txt,thirdparty/000235.json,Moderate,Tech,Suspicious,3632,9/24/2026
236,https://www.grpva.com/,https://www.grpva.com/,200,html/000236.html,text/000236.txt,thirdparty/000236.json,Safe,Education,Legitimate,2331,9/24/2026
237,https://www.paulox.net/,https://www.paulox.net/,200,html/000237.html,text/000237.txt,thirdparty/000237.json,Safe,Tech,Legitimate,1611,9/24/2026
238,https://www.jaysonjewelers.com/,https://www.jaysonjewelers.com/,200,html/000238.html,text/000238.txt,thirdparty/000238.json,Moderate,Tech,Suspicious,2161,9/24/2026
239,https://www.rewildingchile.org/,https://www.rewildingchile.org/,200,html/000239.html,text/000239.txt,thirdparty/000239.json,High,Phishing,Suspicious,6316,9/24/2026
240,https://www.satcentrum.com/,https://www.satcentrum.com/,200,html/000240.html,text/000240.txt,thirdparty/000240.json,Safe,Tech,Legitimate,8638,9/24/2026
241,https://www.abmp.com/,https://www.abmp.com/,200,html/000241.html,text/000241.txt,thirdparty/000241.json,High,Phishing,Suspicious,2754,9/24/2026
242,https://www.videogameconsolelibrary.com/,https://www.videogameconsolelibrary.com/,200,html/000242.html,text/000242.txt,thirdparty/000242.json,Safe,Entertainment,Legitimate,4618,9/24/2026
243,https://www.suganthan.com/,https://suganthan.com/,200,html/000243.html,text/000243.txt,thirdparty/000243.json,Safe,Social,Legitimate,3063,9/24/2026
244,https://www.phenoapps.org/,https://phenoapps.org/,200,html/000244.html,text/000244.txt,thirdparty/000244.json,High,Phishing,Suspicious,1802,9/24/2026
245,https://www.canalsocietynj.org/,https://canalsocietynj.org/,200,html/000245.html,text/000245.txt,thirdparty/000245.json,Moderate,Tech,Suspicious,1802,9/24/2026
246,https://www.appliancerepairhoboken.com/,https://www.appliancerepairhoboken.com/,200,html/000246.html,text/000246.txt,thirdparty/000246.json,Moderate,Tech,Suspicious,10281,9/24/2026
247,https://www.lathiskitchen.org/,https://www.lathiskitchen.org/,200,html/000247.html,text/000247.txt,thirdparty/000247.json,Moderate,Business,Suspicious,830,9/24/2026
248,https://www.nhregister.com/,https://www.nhregister.com/,200,html/000248.html,text/000248.txt,thirdparty/000248.json,Safe,Tech,Legitimate,228,9/24/2026
249,https://www.wise-qatar.org/,https://www.wise-qatar.org/,200,html/000249.html,text/000249.txt,thirdparty/000249.json,Safe,News,Legitimate,4571,9/24/2026
250,https://www.itnews.com.au/,https://www.itnews.com.au/,200,html/000250.html,text/000250.txt,thirdparty/000250.json,Safe,News,Legitimate,6915,9/24/2026
251,https://www.deathmetal.org/,https://www.deathmetal.org/,200,html/000251.html,text/000251.txt,thirdparty/000251.json,Moderate,Business,Suspicious,3504,9/24/2026
252,https://www.deroosschoenen.nl/,https://www.deroosschoenen.nl/,200,html/000252.html,text/000252.txt,thirdparty/000252.json,High,Phishing,Suspicious,3061,9/24/2026
253,https://www.driv.de/,https://www.driv.de/,200,html/000253.html,text/000253.txt,thirdparty/000253.json,High,Entertainment,Suspicious,4586,9/24/2026
254,https://www.lighthouse-fotografie.de/,https://www.lighthouse-fotografie.de/,200,html/000254.html,text/000254.txt,thirdparty/000254.json,Safe,News,Legitimate,2138,9/24/2026
255,https://www.lambmessianicmusic.com/,https://www.lambmessianicmusic.com/,200,html/000255.html,text/000255.txt,thirdparty/000255.json,Moderate,Tech,Suspicious,5627,9/24/2026
256,https://www.michaelsnewyork.com/,https://michaelsnewyork.com/,200,html/000256.html,text/000256.txt,thirdparty/000256.json,Safe,Social,Legitimate,12383,9/24/2026
257,https://www.interior.gob.cl/,https://www.interior.gob.cl/,200,html/000257.html,text/000257.txt,thirdparty/000257.json,Safe,Government,Legitimate,1931,9/24/2026
258,https://www.nafdac.gov.ng/,https://nafdac.gov.ng/,200,html/000258.html,text/000258.txt,thirdparty/000258.json,Safe,Government,Legitimate,10005,9/24/2026
259,https://www.bitcliq.com/,https://www.bitcliq.com/,200,html/000259.html,text/000259.txt,thirdparty/000259.json,Safe,Tech,Legitimate,5321,9/24/2026
260,https://www.toa.jp/,https://www.toa-global.com/en,200,html/000260.html,text/000260.txt,thirdparty/000260.json,High,Phishing,Suspicious,651,9/24/2026
261,https://www.shopperpoints.co.uk/,https://www.shopperpoints.co.uk/,200,html/000261.html,text/000261.txt,thirdparty/000261.json,Safe,Shopping,Legitimate,143,9/24/2026
262,https://www.qlife.org.au/,https://www.qlife.org.au/,200,html/000262.html,text/000262.txt,thirdparty/000262.json,Moderate,Business,Suspicious,3150,9/24/2026
263,https://www.visus.uni-stuttgart.de/,https://www.visus.uni-stuttgart.de/,200,html/000263.html,text/000263.txt,thirdparty/000263.json,Safe,News,Legitimate,3937,9/24/2026
264,https://www.affenknecht.com/,https://affenknecht.com/,200,html/000264.html,text/000264.txt,thirdparty/000264.json,High,Phishing,Suspicious,7467,9/24/2026
265,https://www.quiltfolk.com/,https://www.quiltfolk.com/,200,html/000265.html,text/000265.txt,thirdparty/000265.json,High,Phishing,Suspicious,4279,9/24/2026
266,https://www.panitikan.com.ph/,https://www.panitikan.com.ph/,200,html/000266.html,text/000266.txt,thirdparty/000266.json,High,Phishing,Suspicious,2609,9/24/2026
267,https://www.dermala.com/,https://www.dermala.com/,200,html/000267.html,text/000267.txt,thirdparty/000267.json,High,Phishing,Suspicious,2690,9/24/2026
268,https://www.bojeux.com/,https://www.bojeux.com/,200,html/000268.html,text/000268.txt,thirdparty/000268.json,Safe,Tech,Legitimate,0,9/24/2026
269,https://www.mckinley.com/,https://www.mckinley.com/,200,html/000269.html,text/000269.txt,thirdparty/000269.json,High,Phishing,Suspicious,3053,9/24/2026
270,https://www.peasholmpark.com/,https://www.peasholmpark.com/,200,html/000270.html,text/000270.txt,thirdparty/000270.json,Safe,Entertainment,Legitimate,4617,9/24/2026
271,https://www.boortmalt.com/,https://www.boortmalt.com/,200,html/000271.html,text/000271.txt,thirdparty/000271.json,Moderate,Tech,Suspicious,1139,9/24/2026
272,https://www.wrapsnet.org/,https://www.rpc.state.gov/,200,html/000272.html,text/000272.txt,thirdparty/000272.json,Safe,Tech,Legitimate,63,9/24/2026
273,https://www.dagenshandel.se/,https://www.dagenshandel.se/,200,html/000273.html,text/000273.txt,thirdparty/000273.json,High,Phishing,Suspicious,3529,9/24/2026
274,https://www.toshiba.co.uk/,https://www.toshiba.co.uk/,200,html/000274.html,text/000274.txt,thirdparty/000274.json,High,Phishing,Suspicious,21065,9/24/2026
275,https://www.epicurean.com/,https://epicurean.com/,200,html/000275.html,text/000275.txt,thirdparty/000275.json,High,Phishing,Suspicious,2201,9/24/2026
276,https://www.grantpud.org/,https://www.grantpud.org/,200,html/000276.html,text/000276.txt,thirdparty/000276.json,High,Scam,Suspicious,1946,9/24/2026
277,https://www.enterprisesg.gov.sg/,https://www.enterprisesg.gov.sg/,200,html/000277.html,text/000277.txt,thirdparty/000277.json,Safe,Business,Legitimate,4975,9/24/2026
278,https://www.cleancss.com/,https://www.cleancss.com/,200,html/000278.html,text/000278.txt,thirdparty/000278.json,Safe,Tech,Legitimate,7396,9/24/2026
279,https://www.military-aerospace-technology.com/,https://military-aerospace-technology.com/,200,html/000279.html,text/000279.txt,thirdparty/000279.json,Moderate,Tech,Suspicious,5356,9/24/2026
280,https://www.computerwoche.de/,https://www.computerwoche.de/,200,html/000280.html,text/000280.txt,thirdparty/000280.json,Moderate,Tech,Suspicious,10309,9/24/2026
281,https://www.stlbouncehouse.com/,https://www.stlbouncehouse.com/,200,html/000281.html,text/000281.txt,thirdparty/000281.json,High,Phishing,Suspicious,11156,9/24/2026
282,https://www.unboxed.co/,https://www.unboxed.co/,200,html/000282.html,text/000282.txt,thirdparty/000282.json,Moderate,Tech,Suspicious,3570,9/24/2026
283,https://www.decohuso.com/,https://www.decohuso.com/,200,html/000283.html,text/000283.txt,thirdparty/000283.json,Safe,Shopping,Legitimate,3417,9/24/2026
284,https://www.hockinghills.com/,https://www.hockinghills.com/,200,html/000284.html,text/000284.txt,thirdparty/000284.json,High,Phishing,Suspicious,21304,9/24/2026
285,https://www.prophecyfilm.com/,https://prophecyfilm.com/,200,html/000285.html,text/000285.txt,thirdparty/000285.json,Safe,Shopping,Legitimate,56123,9/24/2026
286,https://www.universalpictures.co.uk/,https://www.universalpictures.co.uk/,200,html/000286.html,text/000286.txt,thirdparty/000286.json,Moderate,Tech,Suspicious,81,9/24/2026
287,https://www.asapcreditrepairusa.com/,https://www.asapcreditrepairusa.com/,200,html/000287.html,text/000287.txt,thirdparty/000287.json,High,Phishing,Suspicious,8206,9/24/2026
288,https://www.downtowndayton.org/,https://downtowndayton.org/,200,html/000288.html,text/000288.txt,thirdparty/000288.json,High,Phishing,Suspicious,3833,9/24/2026
289,https://www.feistylifemedia.com/,https://www.feistylifemedia.com/,200,html/000289.html,text/000289.txt,thirdparty/000289.json,High,Phishing,Suspicious,3345,9/24/2026
290,https://www.repstl.org/,https://repstl.org/,200,html/000290.html,text/000290.txt,thirdparty/000290.json,High,Phishing,Suspicious,3537,9/24/2026
291,https://www.lapresse.ca/,https://www.lapresse.ca/,200,html/000291.html,text/000291.txt,thirdparty/000291.json,High,Phishing,Suspicious,13442,9/24/2026
292,https://www.justuno.com/,https://www.justuno.com/,200,html/000292.html,text/000292.txt,thirdparty/000292.json,Moderate,Tech,Suspicious,4368,9/24/2026
293,https://www.mydorchester.org/,http://ww17.mydorchester.org/,200,html/000293.html,text/000293.txt,thirdparty/000293.json,Moderate,Social,Suspicious,44,9/24/2026
294,https://www.youcubed.org/,https://www.youcubed.org/,200,html/000294.html,text/000294.txt,thirdparty/000294.json,Moderate,Social,Suspicious,2923,9/24/2026
295,https://www.spr.ac.uk/,https://www.spr.ac.uk/,200,html/000295.html,text/000295.txt,thirdparty/000295.json,Safe,News,Legitimate,3454,9/24/2026
296,https://www.paulspeer.com/,https://www.paulspeer.com/,200,html/000296.html,text/000296.txt,thirdparty/000296.json,High,Phishing,Suspicious,1063,9/24/2026
297,https://www.matthieuricard.org/,https://www.matthieuricard.org/,200,html/000297.html,text/000297.txt,thirdparty/000297.json,High,Phishing,Suspicious,4297,9/24/2026
298,https://www.preciousseed.org/,https://www.preciousseed.org/,200,html/000298.html,text/000298.txt,thirdparty/000298.json,Moderate,Business,Suspicious,4396,9/24/2026
299,https://www.duetorribologna.com/,https://www.bolognawelcome.com/en/experiences/112542/Le-due-Torri-%E2%80%93-Book-your-visit-to-the-Asinelli-Tower,200,html/000299.html,text/000299.txt,thirdparty/000299.json,Safe,Education,Legitimate,2721,9/24/2026
300,https://www.nacwa.org/,https://www.nacwa.org/,200,html/000300.html,text/000300.txt,thirdparty/000300.json,High,Phishing,Suspicious,13758,9/24/2026
301,https://www.ipek.kit.edu/,https://www.ipek.kit.edu/,200,html/000301.html,text/000301.txt,thirdparty/000301.json,Safe,Shopping,Legitimate,2094,9/24/2026
302,https://www.victoriastainow.com/,https://www.victoriastainow.com/,200,html/000302.html,text/000302.txt,thirdparty/000302.json,Safe,Personal,Legitimate,469,9/24/2026
303,https://www.balkaninstitut.com/,https://www.balkaninstitut.com/,200,html/000303.html,text/000303.txt,thirdparty/000303.json,Safe,Tech,Legitimate,2795,9/24/2026
304,https://www.komunikacja.bialystok.pl/,https://www.komunikacja.bialystok.pl/,200,html/000304.html,text/000304.txt,thirdparty/000304.json,High,Phishing,Legitimate,1458,9/24/2026
305,https://www.consejopublicitario.org/,https://consejopublicitario.org/,200,html/000305.html,text/000305.txt,thirdparty/000305.json,High,Phishing,Suspicious,1557,9/24/2026
306,https://www.moltengl.com/,https://www.moltengl.com/,200,html/000306.html,text/000306.txt,thirdparty/000306.json,Safe,Tech,Legitimate,1240,9/24/2026
307,https://www.eriercd.org/,https://www.eriercd.org/,200,html/000307.html,text/000307.txt,thirdparty/000307.json,High,Phishing,Suspicious,3054,9/24/2026
308,https://www.panicstream.com/,https://www.panicstream.com/,200,html/000308.html,text/000308.txt,thirdparty/000308.json,High,Phishing,Suspicious,3211,9/24/2026
309,https://www.eastlothianmuseums.org/,https://www.eastlothianmuseums.org/,200,html/000309.html,text/000309.txt,thirdparty/000309.json,High,Phishing,Suspicious,5106,9/24/2026
310,https://www.fondoitalia.it/,https://www.fondoitalia.it/,200,html/000310.html,text/000310.txt,thirdparty/000310.json,High,Phishing,Suspicious,9365,9/24/2026
311,https://www.paragraf.rs/,https://www.paragraf.rs/,200,html/000311.html,text/000311.txt,thirdparty/000311.json,High,Tech,Suspicious,11342,9/24/2026
312,https://www.radicalteatowel.com/,https://radicalteatowel.com/,200,html/000312.html,text/000312.txt,thirdparty/000312.json,Safe,Shopping,Legitimate,3210,9/24/2026
313,https://www.loopycases.com/,https://www.loopycases.com/,200,html/000313.html,text/000313.txt,thirdparty/000313.json,High,Tech,Suspicious,3876,9/24/2026
314,https://www.marrontreks.com/,https://www.marrontreks.com/,200,html/000314.html,text/000314.txt,thirdparty/000314.json,High,Tech,Suspicious,9933,9/24/2026
315,https://www.qrcode.com/,https://www.qrcode.com/,200,html/000315.html,text/000315.txt,thirdparty/000315.json,Safe,Tech,Legitimate,1178,9/24/2026
316,https://www.sheepsheadbites.com/,https://www.sheepsheadbites.com/,200,html/000316.html,text/000316.txt,thirdparty/000316.json,Safe,Tech,Legitimate,44259,9/24/2026
317,https://www.egorodriguez.com/,https://www.egorodriguez.com/,200,html/000317.html,text/000317.txt,thirdparty/000317.json,High,Tech,Suspicious,490,9/24/2026
318,https://www.oercommons.org/,https://oercommons.org/,200,html/000318.html,text/000318.txt,thirdparty/000318.json,High,Scam,Suspicious,3207,9/24/2026
319,https://www.circularcityfundingguide.eu/,https://www.circularcityfundingguide.eu/,200,html/000319.html,text/000319.txt,thirdparty/000319.json,High,Scam,Suspicious,5865,9/24/2026
320,https://www.sommer-informatik.de/,https://www.sommer-informatik.de/,200,html/000320.html,text/000320.txt,thirdparty/000320.json,High,Scam,Suspicious,2382,9/24/2026
321,https://www.redbaycoffee.com/,https://www.redbaycoffee.com/,200,html/000321.html,text/000321.txt,thirdparty/000321.json,High,Scam,Suspicious,2283,9/24/2026
322,https://www.conseil-constitutionnel.fr/,https://www.conseil-constitutionnel.fr/,200,html/000322.html,text/000322.txt,thirdparty/000322.json,Safe,Social,Legitimate,11563,9/24/2026
323,https://www.ordinedimaltaitalia.org/,https://www.ordinedimaltaitalia.org/,200,html/000323.html,text/000323.txt,thirdparty/000323.json,Safe,Business,Legitimate,3286,9/24/2026
324,https://www.beverageonline.com/,https://www.beverageonline.com/,200,html/000324.html,text/000324.txt,thirdparty/000324.json,Safe,Business,Legitimate,7835,9/24/2026
325,https://akij.net/,https://akij.net/,200,html/000325.html,text/000325.txt,thirdparty/000325.json,Safe,Business,Legitimate,3940,9/24/2026
326,https://apkpure.com/app,https://apkpure.com/app,200,html/000326.html,text/000326.txt,thirdparty/000326.json,Moderate,Tech,Suspicious,4841,9/24/2026
327,https://aparajeyo.org/,https://aparajeyo.org/,200,html/000327.html,text/000327.txt,thirdparty/000327.json,Safe,Social,Legitimate,12817,9/24/2026
328,https://app.any.run/,https://app.any.run/,200,html/000328.html,text/000328.txt,thirdparty/000328.json,High,Malware,Suspicious,53,9/24/2026
329,https://app.shongho.com/,https://app.shongho.com/,200,html/000329.html,text/000329.txt,thirdparty/000329.json,Safe,Social,Legitimate,2377,9/24/2026
330,http://facebook-faq.se/,http://facebook-faq.se/,200,html/000330.html,text/000330.txt,thirdparty/000330.json,High,Phishing,Suspicious,2776,9/24/2026
331,https://1xlite-23113.pro/en,https://1xlite-23113.pro/en,200,html/000331.html,text/000331.txt,thirdparty/000331.json,High,Betting,Illegal,1494,9/24/2026
332,https://anonymous-browsing.com/,https://anonymous-browsing.com/,200,html/000332.html,text/000332.txt,thirdparty/000332.json,Moderate,Tech,Suspicious,8758,9/24/2026
333,https://arannayk.org/,https://arannayk.org/,200,html/000333.html,text/000333.txt,thirdparty/000333.json,Safe,Social,Legitimate,9337,9/24/2026
334,https://asa.org.bd/,https://asa.org.bd/,200,html/000334.html,text/000334.txt,thirdparty/000334.json,Safe,Business,Legitimate,208,9/24/2026
335,https://1xbet.com/,https://1xlite-23113.pro/en,200,html/000335.html,text/000335.txt,thirdparty/000335.json,Moderate,Betting,Suspicious,1494,9/24/2026
336,http://reactivar-microsoft-live.iceiy.com/,http://reactivar-microsoft-live.iceiy.com/,200,html/000336.html,text/000336.txt,thirdparty/000336.json,High,Phishing,Suspicious,2938,9/24/2026
337,https://any.run/,https://any.run/,200,html/000337.html,text/000337.txt,thirdparty/000337.json,High,Phishing,Suspicious,7149,9/24/2026
338,https://archive.org/,https://archive.org/,200,html/000338.html,text/000338.txt,thirdparty/000338.json,Safe,Entertainment,Legitimate,93,9/24/2026
339,https://bagdoom.com/,https://bagdoom.com/,200,html/000339.html,text/000339.txt,thirdparty/000339.json,Safe,Social,Legitimate,2217,9/24/2026
340,https://badoo.com/,https://badoo.com/,200,html/000340.html,text/000340.txt,thirdparty/000340.json,Moderate,Dating,Legal,1748,9/24/2026
341,https://bangladesh.gov.bd/,https://bangladesh.gov.bd/,200,html/000341.html,text/000341.txt,thirdparty/000341.json,Safe,Government,Legitimate,13638,9/24/2026
342,https://amazon-account-verify.com/,https://amazon-account-verify.com/en,200,html/000342.html,text/000342.txt,thirdparty/000342.json,High,Tech,Suspicious,221,9/24/2026
343,https://apple-pay-verify.com/,https://apple-pay-verify.com/en,200,html/000343.html,text/000343.txt,thirdparty/000343.json,High,Tech,Suspicious,221,9/24/2026
344,https://apple-pay-verify.com/en,https://apple-pay-verify.com/en,200,html/000344.html,text/000344.txt,thirdparty/000344.json,High,Tech,Suspicious,221,9/24/2026
345,https://bdnews24.com/,https://bdnews24.com/,200,html/000345.html,text/000345.txt,thirdparty/000345.json,Safe,News,Legitimate,11231,9/24/2026
346,https://bikroy.com/,https://bikroy.com/,200,html/000346.html,text/000346.txt,thirdparty/000346.json,Safe,Shopping,Legitimate,5107,9/24/2026
347,https://bdfamily.net/,https://bdfamily.net/,200,html/000347.html,text/000347.txt,thirdparty/000347.json,Safe,Social,Legitimate,23401,9/24/2026
348,https://betwayarabia1.com/en-bd/,https://betwayarabia1.com/en-bd/,200,html/000348.html,text/000348.txt,thirdparty/000348.json,High,Betting,Illegal,1135,9/24/2026
349,https://bitly.com/,https://bitly.com/,200,html/000349.html,text/000349.txt,thirdparty/000349.json,Moderate,Tech,Suspicious,5712,9/24/2026
350,https://betway.com/,https://betwayarabia1.com/en-bd/,200,html/000350.html,text/000350.txt,thirdparty/000350.json,Moderate,Betting,Illegal,1135,9/24/2026
351,https://bn.wikipedia.org/,https://bn.wikipedia.org/wiki/%E0%A6%AA%E0%A7%8D%E0%A6%B0%E0%A6%A7%E0%A6%BE%E0%A6%A8_%E0%A6%AA%E0%A6%BE%E0%A6%A4%E0%A6%BE,200,html/000351.html,text/000351.txt,thirdparty/000351.json,Safe,Entertainment,Legitimate,22916,9/24/2026
352,https://bovada.lv/,https://www.bovada.lv/,200,html/000352.html,text/000352.txt,thirdparty/000352.json,Moderate,Betting,Illegal,1086,9/24/2026
353,https://chaldal.com/,https://chaldal.com/,200,html/000353.html,text/000353.txt,thirdparty/000353.json,Safe,Shopping,Legitimate,3602,9/24/2026
354,https://buff.ly/,https://buffer.com/,200,html/000354.html,text/000354.txt,thirdparty/000354.json,Moderate,Domain Parking,Suspicious,4409,9/24/2026
355,https://cutt.ly/,https://cutt.ly/,200,html/000355.html,text/000355.txt,thirdparty/000355.json,Moderate,Domain Parking,Suspicious,22378,9/24/2026
356,https://cheap-hermes-bags.com/,https://counterfeit.hermes.com/,200,html/000356.html,text/000356.txt,thirdparty/000356.json,High,Phishing,Suspicious,292,9/24/2026
357,https://counterfeit.hermes.com/,https://counterfeit.hermes.com/,200,html/000357.html,text/000357.txt,thirdparty/000357.json,Safe,Shopping,Legitimate,292,9/24/2026
358,https://dghs.gov.bd/,https://dghs.gov.bd/,200,html/000358.html,text/000358.txt,thirdparty/000358.json,Safe,Government,Legitimate,27315,9/24/2026
359,https://discord.com/,https://discord.com/,200,html/000359.html,text/000359.txt,thirdparty/000359.json,Safe,Social,Legitimate,2453,9/24/2026
360,https://cn-hsbc.foryour.review/,https://cn-hsbc.foryour.review/,200,html/000360.html,text/000360.txt,thirdparty/000360.json,Safe,Tech,Legitimate,1569,9/24/2026
361,https://cutt.ly/xyz123,https://pastebin.com/5Q8s69gH,200,html/000361.html,text/000361.txt,thirdparty/000361.json,High,Phishing,Suspicious,12977,9/24/2026
362,https://cbp-gov.org/,https://cbp-gov.org/,200,html/000362.html,text/000362.txt,thirdparty/000362.json,Safe,Government,Legitimate,3732,9/24/2026
363,https://cutt.ly/start,https://cutt.ly,200,html/000363.html,text/000363.txt,thirdparty/000363.json,Moderate,Domain Parking,Suspicious,22378,9/24/2026
364,https://dropbox-online.at/,https://dropbox-online.at/,200,html/000364.html,text/000364.txt,thirdparty/000364.json,Moderate,Malware,Suspicious,419,9/24/2026
365,https://dshe.gov.bd/,https://dshe.gov.bd/,200,html/000365.html,text/000365.txt,thirdparty/000365.json,Safe,Education,Legitimate,18807,9/24/2026
366,https://ebl.com.bd/,https://ebl.com.bd/,200,html/000366.html,text/000366.txt,thirdparty/000366.json,Safe,Finance,Legitimate,2785,9/24/2026
367,https://ecs.gov.bd/,https://ecs.gov.bd/,200,html/000367.html,text/000367.txt,thirdparty/000367.json,Safe,Government,Legitimate,30,9/24/2026
368,https://ekhanei.com/,https://ekhanei.com/,200,html/000368.html,text/000368.txt,thirdparty/000368.json,Safe,Tech,Legitimate,716,9/24/2026
369,https://epassport.gov.bd/,https://epassport.gov.bd/,200,html/000369.html,text/000369.txt,thirdparty/000369.json,Safe,Government,Legitimate,39,9/24/2026
370,https://facebookpagemanagement.com/,https://facebookpagemanagement.com/,200,html/000370.html,text/000370.txt,thirdparty/000370.json,High,Phishing,Suspicious,6508,9/24/2026
371,https://facebooktotranscript.com/,https://facebooktotranscript.com/,200,html/000371.html,text/000371.txt,thirdparty/000371.json,High,Phishing,Suspicious,9228,9/24/2026
372,https://file.io/,https://www.file.io/,200,html/000372.html,text/000372.txt,thirdparty/000372.json,Moderate,Malware,Suspicious,6373,9/24/2026
373,https://ethz.ch/,https://ethz.ch/de.html,200,html/000373.html,text/000373.txt,thirdparty/000373.json,Moderate,Tech,Suspicious,1593,9/24/2026
374,https://github.com/,https://github.com/,200,html/000374.html,text/000374.txt,thirdparty/000374.json,Safe,Tech,Legitimate,4152,9/24/2026
375,https://fast-cash-loan.com/,https://expireddomains.com/domain/fast-cash-loan.com?utm_source=redi,200,html/000375.html,text/000375.txt,thirdparty/000375.json,Moderate,Business,Suspicious,2958,9/24/2026
376,https://fitgirl-repacks.site/,https://fitgirl-repacks.site/,200,html/000376.html,text/000376.txt,thirdparty/000376.json,Moderate,Malware,Suspicious,48422,9/24/2026
377,https://google28.m4ntapaset.ink/cgi-sys/suspendedpage.cgi,https://google28.m4ntapaset.ink/cgi-sys/suspendedpage.cgi,200,html/000377.html,text/000377.txt,thirdparty/000377.json,Moderate,Phishing,Suspicious,120,9/24/2026
378,https://google28.m4ntapaset.ink/,https://google28.m4ntapaset.ink/cgi-sys/suspendedpage.cgi,200,html/000378.html,text/000378.txt,thirdparty/000378.json,Moderate,Phishing,Suspicious,120,9/24/2026
379,https://google29.m4ntapaset.ink/cgi-sys/suspendedpage.cgi,https://google29.m4ntapaset.ink/cgi-sys/suspendedpage.cgi,200,html/000379.html,text/000379.txt,thirdparty/000379.json,Moderate,Phishing,Suspicious,120,9/24/2026
380,https://google29.m4ntapaset.ink/,https://google29.m4ntapaset.ink/cgi-sys/suspendedpage.cgi,200,html/000380.html,text/000380.txt,thirdparty/000380.json,Moderate,Phishing,Suspicious,120,9/24/2026
381,https://home.barclays/,https://home.barclays/,200,html/000381.html,text/000381.txt,thirdparty/000381.json,Safe,Finance,Legitimate,6267,9/24/2026
382,https://hastebin.com/,https://www.toptal.com/developers/hastebin,200,html/000382.html,text/000382.txt,thirdparty/000382.json,High,Phishing,Suspicious,345,9/24/2026
383,https://ictd.gov.bd/,https://ictd.gov.bd/,200,html/000383.html,text/000383.txt,thirdparty/000383.json,Safe,Government,Legitimate,18758,9/24/2026
384,https://hsbc.dev/,https://hsbc.dev/,200,html/000384.html,text/000384.txt,thirdparty/000384.json,Safe,Finance,Legitimate,340,9/24/2026
385,https://google32.m4ntapaset.ink/cgi-sys/suspendedpage.cgi,https://google32.m4ntapaset.ink/cgi-sys/suspendedpage.cgi,200,html/000385.html,text/000385.txt,thirdparty/000385.json,Moderate,Phishing,Suspicious,120,9/24/2026
386,https://home.treasury.gov/,https://home.treasury.gov/,200,html/000386.html,text/000386.txt,thirdparty/000386.json,Safe,Finance,Legitimate,8932,9/24/2026
387,https://googlelogos.com/,https://googlelogos.com/,200,html/000387.html,text/000387.txt,thirdparty/000387.json,High,Betting,Illegal,6128,9/24/2026
388,https://google32.m4ntapaset.ink/,https://google32.m4ntapaset.ink/cgi-sys/suspendedpage.cgi,200,html/000388.html,text/000388.txt,thirdparty/000388.json,High,Phishing,Suspicious,120,9/24/2026
389,https://land.gov.bd/,https://land.gov.bd/,200,html/000389.html,text/000389.txt,thirdparty/000389.json,Safe,Government,Legitimate,2774,9/24/2026
390,https://gradzen.com/,https://gradzen.com/,200,html/000390.html,text/000390.txt,thirdparty/000390.json,Moderate,Social,Suspicious,67,9/24/2026
391,https://limetorrents.info/,https://www.limetorrents.fun/,200,html/000391.html,text/000391.txt,thirdparty/000391.json,Moderate,Business,Suspicious,627,9/24/2026
392,https://mail-order-bride.com/,https://mail-order-bride.com/,200,html/000392.html,text/000392.txt,thirdparty/000392.json,Moderate,Social,Suspicious,42741,9/24/2026
393,https://lnkd.in/,https://www.linkedin.com,200,html/000393.html,text/000393.txt,thirdparty/000393.json,High,Phishing,Suspicious,4299,9/24/2026
394,https://melbet-76956.bar/en,https://melbet-76956.bar/en,200,html/000394.html,text/000394.txt,thirdparty/000394.json,Moderate,Betting,Illegal,1025,9/24/2026
395,https://metamaskcasino.de/,https://metamaskcasino.de/,200,html/000395.html,text/000395.txt,thirdparty/000395.json,Moderate,Betting,Illegal,27306,9/24/2026
396,https://malware-traffic-analysis.net/,https://malware-traffic-analysis.net/,200,html/000396.html,text/000396.txt,thirdparty/000396.json,High,Malware,Suspicious,837,9/24/2026
397,https://metamaskrewards.com/,https://metamaskrewards.com/,200,html/000397.html,text/000397.txt,thirdparty/000397.json,High,Phishing,Suspicious,526,9/24/2026
398,https://microsoft-se.us/,https://microsoft-se.us/,200,html/000398.html,text/000398.txt,thirdparty/000398.json,Safe,Tech,Legitimate,417,9/24/2026
399,https://moddroid.com/,https://moddroid.com/,200,html/000399.html,text/000399.txt,thirdparty/000399.json,Moderate,Tech,Suspicious,5242,9/24/2026
400,https://java.com/en/download/,https://www.java.com/en/download/,200,html/000400.html,text/000400.txt,thirdparty/000400.json,Safe,Tech,Legitimate,1843,9/24/2026
401,https://mirror-google.com/,https://mirror-google.com/,200,html/000401.html,text/000401.txt,thirdparty/000401.json,Moderate,Tech,Suspicious,6491,9/24/2026
402,https://moedu.gov.bd/,https://moedu.gov.bd/,200,html/000402.html,text/000402.txt,thirdparty/000402.json,Safe,Government,Legitimate,7963,9/24/2026
403,https://nbr.gov.bd/,https://nbr.gov.bd/,200,html/000403.html,text/000403.txt,thirdparty/000403.json,Safe,News,Legitimate,6510,9/24/2026
404,https://netflix.surf/,https://netflix.surf/,200,html/000404.html,text/000404.txt,thirdparty/000404.json,Safe,Entertainment,Legitimate,7868,9/24/2026
405,https://nyaa.si/,https://nyaa.si/,200,html/000405.html,text/000405.txt,thirdparty/000405.json,High,Malware,Suspicious,12447,9/24/2026
406,https://pastebin.com/,https://pastebin.com/,200,html/000406.html,text/000406.txt,thirdparty/000406.json,Moderate,Tech,Suspicious,3944,9/24/2026
407,https://outlook.webaccess-alert.com/s/63bzgfsvbwsfcdx7y9/584dd8/90eab167-7429-489f-99f6-ce86e8d0d81a,https://outlook.webaccess-alert.com/s/63bzgfsvbwsfcdx7y9/584dd8/90eab167-7429-489f-99f6-ce86e8d0d81a,200,html/000407.html,text/000407.txt,thirdparty/000407.json,Safe,Tech,Legitimate,0,9/24/2026
408,https://paste.ee/,https://paste.ee/,200,html/000408.html,text/000408.txt,thirdparty/000408.json,Moderate,Tech,Suspicious,935,9/24/2026
409,https://pastebin.com/5Q8s69gH,https://pastebin.com/5Q8s69gH,200,html/000409.html,text/000409.txt,thirdparty/000409.json,Moderate,Tech,Suspicious,12977,9/24/2026
410,https://online-lottery-tickets.com/,https://www.online-lottery-tickets.com/,200,html/000410.html,text/000410.txt,thirdparty/000410.json,Moderate,Betting,Suspicious,3558,9/24/2026
411,https://my.norton.com/extspa/onboard,https://my.norton.com/extspa/onboard,200,html/000411.html,text/000411.txt,thirdparty/000411.json,Moderate,Tech,Suspicious,129,9/24/2026
412,https://railway.gov.bd/,https://railway.gov.bd/,200,html/000412.html,text/000412.txt,thirdparty/000412.json,Safe,Government,Legitimate,23440,9/24/2026
413,https://privatebin.net/,https://privatebin.net/,200,html/000413.html,text/000413.txt,thirdparty/000413.json,Moderate,Tech,Suspicious,2160,9/24/2026
414,https://qbittorrent.com/,https://qbittorrent.com/,200,html/000414.html,text/000414.txt,thirdparty/000414.json,Moderate,Tech,Suspicious,15160,9/24/2026
415,https://proshikabd.com/,https://proshikabd.com/,200,html/000415.html,text/000415.txt,thirdparty/000415.json,Safe,News,Legitimate,4396,9/24/2026
416,https://rentry.org/,https://rentry.org/,200,html/000416.html,text/000416.txt,thirdparty/000416.json,Moderate,Tech,Suspicious,33927,9/24/2026
417,https://rebrand.ly/,https://www.rebrandly.com/,200,html/000417.html,text/000417.txt,thirdparty/000417.json,Moderate,Tech,Suspicious,10587,9/24/2026
418,https://shadhin.io/,https://shadhin.io/,200,html/000418.html,text/000418.txt,thirdparty/000418.json,Moderate,Tech,Suspicious,85,9/24/2026
419,https://shop.shajgoj.com/,https://shop.shajgoj.com/,200,html/000419.html,text/000419.txt,thirdparty/000419.json,Safe,Shopping,Legitimate,297,9/24/2026
420,https://rb.gy/,https://free-url-shortener.rb.gy/,200,html/000420.html,text/000420.txt,thirdparty/000420.json,Moderate,Domain Parking,Suspicious,12825,9/24/2026
421,https://slack.com/,https://slack.com/,200,html/000421.html,text/000421.txt,thirdparty/000421.json,Safe,Tech,Legitimate,6316,9/24/2026
422,https://shorturl.at/,https://www.shorturl.at/,200,html/000422.html,text/000422.txt,thirdparty/000422.json,Moderate,Tech,Suspicious,1638,9/24/2026
423,https://t.co/,https://t.co/,200,html/000423.html,text/000423.txt,thirdparty/000423.json,Moderate,Tech,Suspicious,286,9/24/2026
424,https://teams.live.com/free?source=skype,https://teams.live.com/free?source=skype,200,html/000424.html,text/000424.txt,thirdparty/000424.json,Moderate,Tech,Suspicious,1130,9/24/2026
425,https://thepiratebay.org/index.html,https://thepiratebay.org/index.html,200,html/000425.html,text/000425.txt,thirdparty/000425.json,Moderate,Tech,Suspicious,147,9/24/2026
426,https://telegram.org/,https://telegram.org/,200,html/000426.html,text/000426.txt,thirdparty/000426.json,Safe,Tech,Legitimate,2045,9/24/2026
427,https://tinyurl.com/,https://tinyurl.com/,200,html/000427.html,text/000427.txt,thirdparty/000427.json,Moderate,Tech,Suspicious,56,9/24/2026
428,https://thepiratebay.org/,https://thepiratebay.org/index.html,200,html/000428.html,text/000428.txt,thirdparty/000428.json,Moderate,Tech,Suspicious,147,9/24/2026
429,https://tiny.cc/,https://tiny.cc/,200,html/000429.html,text/000429.txt,thirdparty/000429.json,Moderate,Domain Parking,Suspicious,926,9/24/2026
430,https://tinyurl.com/app/nospam/tinyurl.com/amazon-refund,https://tinyurl.com/app/nospam/tinyurl.com/amazon-refund,200,html/000430.html,text/000430.txt,thirdparty/000430.json,Moderate,Tech,Suspicious,1610,9/24/2026
431,https://tinyurl.com/amazon-refund,https://tinyurl.com/app/nospam/tinyurl.com/amazon-refund,200,html/000431.html,text/000431.txt,thirdparty/000431.json,Moderate,Tech,Suspicious,1610,9/24/2026
432,https://transmissionbt.com/,https://transmissionbt.com/,200,html/000432.html,text/000432.txt,thirdparty/000432.json,Moderate,Tech,Suspicious,2268,9/24/2026
433,https://torrentproject.cc/,https://torrentproject.cc/,200,html/000433.html,text/000433.txt,thirdparty/000433.json,High,Other,Suspicious,627,9/24/2026
434,https://tinyurl.com/unsubscribe,https://tinyurl.com/preview/unsubscribe,200,html/000434.html,text/000434.txt,thirdparty/000434.json,Moderate,Tech,Suspicious,1387,9/24/2026
435,https://trickbd.com/,https://trickbd.com/,200,html/000435.html,text/000435.txt,thirdparty/000435.json,Moderate,Social,Suspicious,25038,9/25/2026
436,https://www.000webhost.com/,https://www.hostinger.com/web-hosting,200,html/000436.html,text/000436.txt,thirdparty/000436.json,Moderate,Tech,Suspicious,17615,9/25/2026
437,https://www.000webhost.com/features,https://www.hostinger.com/web-hosting,200,html/000437.html,text/000437.txt,thirdparty/000437.json,Moderate,Tech,Suspicious,17615,9/25/2026
438,https://wikimedia.org.bd/,https://wikimedia.org.bd/,200,html/000438.html,text/000438.txt,thirdparty/000438.json,Safe,Education,Legitimate,6285,9/24/2026
439,https://www.000webhost.com/web-hosting,https://www.hostinger.com/web-hosting,200,html/000439.html,text/000439.txt,thirdparty/000439.json,Moderate,Tech,Suspicious,17615,9/25/2026
440,https://www-google.cn/,https://www-google.cn/,200,html/000440.html,text/000440.txt,thirdparty/000440.json,Moderate,Domain Parking,Suspicious,1997,9/24/2026
441,https://www.1337x.tw/,https://www.1337x.tw/,200,html/000441.html,text/000441.txt,thirdparty/000441.json,Moderate,Domain Parking,Suspicious,854,9/24/2026
442,https://www.888casino.org/,https://www.888casino.org/,200,html/000442.html,text/000442.txt,thirdparty/000442.json,Moderate,Betting,Illegal,230,9/24/2026
443,https://www.aarong.com/,https://www.aarong.com/bgd,200,html/000443.html,text/000443.txt,thirdparty/000443.json,Safe,Shopping,Legitimate,89,9/24/2026
444,https://www.aiub.edu/,https://www.aiub.edu/,200,html/000444.html,text/000444.txt,thirdparty/000444.json,Safe,Education,Legitimate,9153,9/25/2026
445,https://www.agranibank.org/,https://www.agranibank.org/,200,html/000445.html,text/000445.txt,thirdparty/000445.json,Safe,Finance,Legitimate,16,9/25/2026
446,https://www.7-zip.org/,https://www.7-zip.org/,200,html/000446.html,text/000446.txt,thirdparty/000446.json,Safe,Tech,Legitimate,1966,9/24/2026
447,https://uq.edu.au/,https://uq.edu.au/,200,html/000447.html,text/000447.txt,thirdparty/000447.json,Safe,Education,Legitimate,2417,9/25/2026
448,https://www.4shared.com/,https://www.4shared.com/,200,html/000448.html,text/000448.txt,thirdparty/000448.json,High,Tech,Suspicious,2289,9/25/2026
449,https://www.888casino.net/,https://www.888casino.net/freetoplay/,200,html/000449.html,text/000449.txt,thirdparty/000449.json,Moderate,Betting,Illegal,520,9/24/2026
450,https://www.aci-bd.com/,https://www.aci-bd.com/,200,html/000450.html,text/000450.txt,thirdparty/000450.json,Safe,Social,Legitimate,7839,9/25/2026
451,https://www.4shared.com/about,https://e.4shared.com/linkerror.jsp,200,html/000451.html,text/000451.txt,thirdparty/000451.json,Moderate,Tech,Suspicious,2113,9/25/2026
452,https://www.account-update.org/,https://zepo.ai/,200,html/000452.html,text/000452.txt,thirdparty/000452.json,High,Tech,Suspicious,6865,9/25/2026
453,https://www.amd.com/,https://www.amd.com/en.html,200,html/000453.html,text/000453.txt,thirdparty/000453.json,Safe,Tech,Legitimate,5152,9/25/2026
454,https://www.aljazeera.com/,https://www.aljazeera.com/,200,html/000454.html,text/000454.txt,thirdparty/000454.json,Safe,News,Legitimate,4563,9/25/2026
455,https://www.amd.com/en.html,https://www.amd.com/en.html,200,html/000455.html,text/000455.txt,thirdparty/000455.json,Safe,Tech,Legitimate,5152,9/25/2026
456,https://www.alibaba.com/,https://www.alibaba.com/,200,html/000456.html,text/000456.txt,thirdparty/000456.json,Safe,shopping,Legitimate,1997,9/25/2026
457,https://www.888casino.com/promotions,https://www.888casino.com/promotions/,200,html/000457.html,text/000457.txt,thirdparty/000457.json,Moderate,Betting,Illegal,1829,9/25/2026
458,https://www.americanexpress.com/,https://www.americanexpress.com/,200,html/000458.html,text/000458.txt,thirdparty/000458.json,Safe,Finance,Legitimate,529,9/25/2026
459,https://www.americascardroom.com/,https://www.americascardroom.eu/,200,html/000459.html,text/000459.txt,thirdparty/000459.json,Moderate,Betting,Illegal,13960,9/25/2026
460,https://www.apk4fun.com/,https://www.apk4fun.com/,200,html/000460.html,text/000460.txt,thirdparty/000460.json,Moderate,Tech,Suspicious,5397,9/25/2026
461,https://www.apex4u.com/,https://apex4u.com/,200,html/000461.html,text/000461.txt,thirdparty/000461.json,Safe,Shopping,Legitimate,3677,9/25/2026
462,https://www.appbrain.com/,https://www.appbrain.com/,200,html/000462.html,text/000462.txt,thirdparty/000462.json,Safe,Tech,Legitimate,4794,9/25/2026
463,https://www.apple.com/,https://www.apple.com/,200,html/000463.html,text/000463.txt,thirdparty/000463.json,Safe,Tech,Legitimate,1715,9/25/2026
464,https://www.anu.edu.au/,https://www.anu.edu.au/,200,html/000464.html,text/000464.txt,thirdparty/000464.json,Safe,Education,Legitimate,6605,9/25/2026
465,https://www.avast.com/,https://www.avast.com/index,200,html/000465.html,text/000465.txt,thirdparty/000465.json,Moderate,Tech,Suspicious,6632,9/25/2026
466,https://www.avast.com/free-antivirus-download,https://www.avast.com/free-antivirus-download,200,html/000466.html,text/000466.txt,thirdparty/000466.json,Moderate,Tech,Suspicious,17277,9/25/2026
467,https://www.avast.com/free-antivirus-download/,https://www.avast.com/free-antivirus-download,200,html/000467.html,text/000467.txt,thirdparty/000467.json,Moderate,Tech,Suspicious,17277,9/25/2026
468,https://www.australia.gov.au/,https://my.gov.au/en/services?redirectFrom=australia.gov.au,200,html/000468.html,text/000468.txt,thirdparty/000468.json,Safe,Government,Legitimate,205,9/25/2026
469,https://www.avg.com/,https://www.avg.com/en-ww/homepage,200,html/000469.html,text/000469.txt,thirdparty/000469.json,Moderate,Tech,Suspicious,8372,9/25/2026
470,https://www.avast.com/index,https://www.avast.com/index,200,html/000470.html,text/000470.txt,thirdparty/000470.json,Moderate,Tech,Suspicious,6632,9/25/2026
471,https://www.bankofamerica.com/,https://www.bankofamerica.com/,200,html/000471.html,text/000471.txt,thirdparty/000471.json,safe,Finance,Legitimate,4130,9/25/2026
472,https://www.bashundharagroup.com/,https://www.bashundharagroup.com/,200,html/000472.html,text/000472.txt,thirdparty/000472.json,Safe,Finance,Legitimate,3559,9/25/2026
473,https://www.bangladesh-ccp.org/,https://www.bangladesh-ccp.org/,200,html/000473.html,text/000473.txt,thirdparty/000473.json,Safe,Social,Legitimate,3706,9/25/2026
474,https://www.bankasia-bd.com/,https://www.bankasia-bd.com/,200,html/000474.html,text/000474.txt,thirdparty/000474.json,Safe,Finance,Legitimate,12094,9/25/2026
475,https://www.bb.org.bd/,https://www.bb.org.bd/en/index.php,200,html/000475.html,text/000475.txt,thirdparty/000475.json,Safe,Finance,Legitimate,218,9/25/2026
476,https://www.bangladesh.com/,https://www.bangladesh.com/,200,html/000476.html,text/000476.txt,thirdparty/000476.json,Safe,Entertainment,Legitimate,7772,9/25/2026
477,https://www.badoo.com/,https://badoo.com/,200,html/000477.html,text/000477.txt,thirdparty/000477.json,Moderate,Dating,Legal,1748,9/25/2026
478,https://www.bau.edu.bd/,https://www.bau.edu.bd/,200,html/000478.html,text/000478.txt,thirdparty/000478.json,Safe,Education,Legitimate,2445,9/25/2026
479,https://www.bbc.com/,https://www.bbc.com/,200,html/000479.html,text/000479.txt,thirdparty/000479.json,Safe,News,Legitimate,14107,9/25/2026
480,https://www.bdjobs.com/,https://bdjobs.com/h/,200,html/000480.html,text/000480.txt,thirdparty/000480.json,Safe,News,Legitimate,56,9/25/2026
481,https://www.bea.gov/,https://www.bea.gov/,200,html/000481.html,text/000481.txt,thirdparty/000481.json,Safe,Government,Legitimate,7332,9/25/2026
482,https://www.berkeley.edu/,https://www.berkeley.edu/,200,html/000482.html,text/000482.txt,thirdparty/000482.json,Safe,Education,Legitimate,3543,9/25/2026
483,https://www.bet365.com/,https://www.bet365.com/,200,html/000483.html,text/000483.txt,thirdparty/000483.json,Moderate,Betting,Illegal,75,9/25/2026
484,https://www.birmingham.ac.uk/,https://www.birmingham.ac.uk/,200,html/000484.html,text/000484.txt,thirdparty/000484.json,Safe,Education,Legitimate,2781,9/25/2026
485,https://www.bikroy.com/,https://bikroy.com/,200,html/000485.html,text/000485.txt,thirdparty/000485.json,Safe,Shopping,Legitimate,5107,9/25/2026
486,https://www.bitdefender.com/,https://www.bitdefender.com/en-bz/,200,html/000486.html,text/000486.txt,thirdparty/000486.json,Moderate,Tech,Suspicious,2374,9/25/2026
487,https://www.bitdefender.com/en-us/consumer/,https://www.bitdefender.com/en-us/consumer/,200,html/000487.html,text/000487.txt,thirdparty/000487.json,Moderate,Tech,Suspicious,16033,9/25/2026
488,https://www.bitdefender.com/solutions/,https://www.bitdefender.com/en-us/consumer/,200,html/000488.html,text/000488.txt,thirdparty/000488.json,Moderate,Tech,Suspicious,16033,9/25/2026
489,https://www.boat-lifestyle.com/,https://www.boat-lifestyle.com/,200,html/000489.html,text/000489.txt,thirdparty/000489.json,Safe,Tech,Legitimate,9989,9/25/2026
490,https://www.bny.com/,https://www.bny.com/corporate/global/en.html,200,html/000490.html,text/000490.txt,thirdparty/000490.json,safe,Finance,Legitimate,7904,9/25/2026
491,https://www.bittorrent.com/,https://www.bittorrent.com/,200,html/000491.html,text/000491.txt,thirdparty/000491.json,Moderate,Tech,Suspicious,1301,9/25/2026
492,https://www.brac.net/,https://www.brac.net/,200,html/000492.html,text/000492.txt,thirdparty/000492.json,Safe,Finance,Legitimate,1059,9/25/2026
493,https://www.bovada.lv/,https://www.bovada.lv/,200,html/000493.html,text/000493.txt,thirdparty/000493.json,Moderate,Betting,Illegal,1086,9/25/2026
494,https://www.bovada.com/,https://www.bovada.com/,200,html/000494.html,text/000494.txt,thirdparty/000494.json,Moderate,Betting,Illegal,500,9/25/2026
495,https://www.bracbank.com/,https://www.bracbank.com/en,200,html/000495.html,text/000495.txt,thirdparty/000495.json,Safe,Finance,Legitimate,143,9/25/2026
496,https://www.bodog.com/,https://bodog.com/,200,html/000496.html,text/000496.txt,thirdparty/000496.json,Moderate,Betting,Illegal,21869,9/25/2026
497,https://www.bodog.com/promotions,https://bodog.com/,200,html/000497.html,text/000497.txt,thirdparty/000497.json,Moderate,Betting,Illegal,21869,9/25/2026
498,https://www.buet.ac.bd/,https://www.buet.ac.bd/web/,200,html/000498.html,text/000498.txt,thirdparty/000498.json,Safe,Education,Legitimate,174,9/25/2026
499,https://www.bup.edu.bd/,https://www.bup.edu.bd/,200,html/000499.html,text/000499.txt,thirdparty/000499.json,Safe,Education,Legitimate,32494,9/25/2026
500,https://www.burobd.org/,https://www.burobd.org/,200,html/000500.html,text/000500.txt,thirdparty/000500.json,Moderate,Tech,Suspicious,26593,9/25/2026
501,https://www.bristol.ac.uk/,https://www.bristol.ac.uk/,200,html/000501.html,text/000501.txt,thirdparty/000501.json,Safe,Education,Legitimate,1989,9/25/2026
502,https://www.bundesregierung.de/,https://www.bundesregierung.de/breg-de,200,html/000502.html,text/000502.txt,thirdparty/000502.json,Safe,News,Legitimate,13548,9/25/2026
503,https://www.bumble.com/,https://www.bumble.com/,200,html/000503.html,text/000503.txt,thirdparty/000503.json,Moderate,Dating,Legal,1230,9/25/2026
504,https://www.bravenet.com/,https://www.bravenet.com/,200,html/000504.html,text/000504.txt,thirdparty/000504.json,Safe,Business,Legitimate,6505,9/25/2026
505,https://www.canva.com/,https://www.canva.com/,200,html/000505.html,text/000505.txt,thirdparty/000505.json,Safe,Tech,Legitimate,228,9/25/2026
506,https://www.bwin.com/,https://www.bwin.com/en/sports,200,html/000506.html,text/000506.txt,thirdparty/000506.json,Moderate,Betting,Illegal,4,9/25/2026
507,https://www.cafecasino.lv/,https://www.cafecasino.lv/,200,html/000507.html,text/000507.txt,thirdparty/000507.json,Moderate,Betting,Illegal,10002,9/25/2026
508,https://www.capitalone.com/,https://www.capitalone.com/,200,html/000508.html,text/000508.txt,thirdparty/000508.json,Safe,Finance,Legitimate,4796,9/25/2026
509,https://www.casinomidas.com/,https://www.casinomidas.com/,200,html/000509.html,text/000509.txt,thirdparty/000509.json,Moderate,Betting,Illegal,5857,9/25/2026
510,https://www.cbp.gov/,https://www.cbp.gov/,200,html/000510.html,text/000510.txt,thirdparty/000510.json,Safe,Government,Legitimate,955,9/25/2026
511,https://www.casinoroom.com/,https://casinoroom.com/,200,html/000511.html,text/000511.txt,thirdparty/000511.json,Moderate,Betting,Illegal,45,9/25/2026
512,https://www.cbsnews.com/,https://www.cbsnews.com/,200,html/000512.html,text/000512.txt,thirdparty/000512.json,Safe,News,Legitimate,28041,9/25/2026
513,https://www.census.gov/,https://www.census.gov/,200,html/000513.html,text/000513.txt,thirdparty/000513.json,Safe,Government,Legitimate,5038,9/25/2026
514,https://www.chile.gob.cl/,https://www.chile.gob.cl/,200,html/000514.html,text/000514.txt,thirdparty/000514.json,Safe,Government,Legitimate,1167,9/25/2026
515,https://www.citybankplc.com/,https://www.citybankplc.com/,200,html/000515.html,text/000515.txt,thirdparty/000515.json,Safe,Finance,Legitimate,42,9/25/2026
516,https://www.cbp-gov.org/,https://cbp-gov.org/,200,html/000516.html,text/000516.txt,thirdparty/000516.json,Safe,Government,Legitimate,3732,9/25/2026
517,https://www.citygroup.com.bd/,https://www.citygroup.com.bd/,200,html/000517.html,text/000517.txt,thirdparty/000517.json,Safe,Finance,Legitimate,11242,9/25/2026
518,https://www.cornell.edu/,https://www.cornell.edu/,200,html/000518.html,text/000518.txt,thirdparty/000518.json,Safe,Education,Legitimate,2716,9/25/2026
519,https://www.cnn.com/,https://edition.cnn.com/,200,html/000519.html,text/000519.txt,thirdparty/000519.json,Safe,News,Legitimate,10122,9/25/2026
520,https://www.cracked.com/,https://www.cracked.com/,200,html/000520.html,text/000520.txt,thirdparty/000520.json,High,Tech,Suspicious,5558,9/25/2026
521,https://www.coursera.org/,https://www.coursera.org/,200,html/000521.html,text/000521.txt,thirdparty/000521.json,Safe,Education,Legitimate,3730,9/25/2026
522,https://www.cuet.ac.bd/,https://cuet.ac.bd/,200,html/000522.html,text/000522.txt,thirdparty/000522.json,Safe,Education,Legitimate,5590,9/25/2026
523,https://www.daraz.com.bd/,https://www.daraz.com.bd/,200,html/000523.html,text/000523.txt,thirdparty/000523.json,Safe,Shopping,Legitimate,1052,9/25/2026
524,https://www.datafilehost.com/,https://www.datafilehost.com/,200,html/000524.html,text/000524.txt,thirdparty/000524.json,Moderate,Tech,Suspicious,1059,9/25/2026
525,https://www.dell.com/,https://www.dell.com/en-us,200,html/000525.html,text/000525.txt,thirdparty/000525.json,Safe,Tech,Legitimate,3362,9/25/2026
526,https://www.db.com/,https://www.db.com/,200,html/000526.html,text/000526.txt,thirdparty/000526.json,Safe,Finance,Legitimate,3428,9/25/2026
527,https://www.dhakapost.com/,https://www.dhakapost.com/,200,html/000527.html,text/000527.txt,thirdparty/000527.json,Safe,News,Legitimate,445,9/25/2026
528,https://www.dhakatribune.com/,https://www.dhakatribune.com/,200,html/000528.html,text/000528.txt,thirdparty/000528.json,Safe,News,Legitimate,13705,9/25/2026
529,https://www.dhs.gov/,https://www.dhs.gov/,200,html/000529.html,text/000529.txt,thirdparty/000529.json,Safe,Government,Legitimate,3122,9/25/2026
530,https://www.ecstasybd.com/,https://www.ecstasybd.com/,200,html/000530.html,text/000530.txt,thirdparty/000530.json,Safe,Business,Legitimate,1626,9/25/2026
531,https://www.du.ac.bd/,https://www.du.ac.bd/,200,html/000531.html,text/000531.txt,thirdparty/000531.json,Safe,Education,Legitimate,16208,9/25/2026
532,https://www.deluge-torrent.org/,https://www.deluge-torrent.org/,200,html/000532.html,text/000532.txt,thirdparty/000532.json,Moderate,Tech,Suspicious,1098,9/25/2026
533,https://www.dutchbanglabank.com/,https://www.dutchbanglabank.com/,200,html/000533.html,text/000533.txt,thirdparty/000533.json,safe,Finance,Legitimate,3481,9/25/2026
534,https://www.dropbox.com/,https://www.dropbox.com/,200,html/000534.html,text/000534.txt,thirdparty/000534.json,Safe,Tech,Legitimate,5038,9/25/2026
535,https://www.dropbox.com/features,https://www.dropbox.com/features,200,html/000535.html,text/000535.txt,thirdparty/000535.json,Safe,Tech,Legitimate,8638,9/25/2026
536,https://www.ebay.com/,https://www.ebay.com/,200,html/000536.html,text/000536.txt,thirdparty/000536.json,High,Tech,Suspicious,4810,9/25/2026
537,https://www.dreamhost.com/,https://www.dreamhost.com/,200,html/000537.html,text/000537.txt,thirdparty/000537.json,safe,Tech,Legitimate,12297,9/25/2026
538,https://www.epa.gov/,https://www.epa.gov/,200,html/000538.html,text/000538.txt,thirdparty/000538.json,Safe,Government,Legitimate,2560,9/25/2026
539,https://www.eset.com/us/home/online-scanner/,https://www.eset.com/us/home/online-scanner/,200,html/000539.html,text/000539.txt,thirdparty/000539.json,Moderate,Tech,Suspicious,11525,9/25/2026
540,https://www.edx.org/,https://www.edx.org/,200,html/000540.html,text/000540.txt,thirdparty/000540.json,Safe,Education,Legitimate,4196,9/25/2026
541,https://www.emsisoft.com/,https://www.emsisoft.com/en/,200,html/000541.html,text/000541.txt,thirdparty/000541.json,Moderate,Tech,Suspicious,5653,9/25/2026
542,https://www.eset.com/int/home/online-scanner/,https://www.eset.com/us/home/online-scanner/,200,html/000542.html,text/000542.txt,thirdparty/000542.json,Moderate,Tech,Suspicious,11525,9/25/2026
543,https://www.everygame.com/,https://www.everygame.eu/,200,html/000543.html,text/000543.txt,thirdparty/000543.json,Moderate,Betting,Illegal,1526,9/25/2026
544,https://www.f-secure.com/,https://www.f-secure.com/en,200,html/000544.html,text/000544.txt,thirdparty/000544.json,Moderate,Tech,Suspicious,4847,9/25/2026
545,https://www.ewubd.edu/,https://www.ewubd.edu/,200,html/000545.html,text/000545.txt,thirdparty/000545.json,Safe,Education,Legitimate,14241,9/25/2026
546,https://www.eset.com/,https://www.eset.com/us/,200,html/000546.html,text/000546.txt,thirdparty/000546.json,Moderate,Tech,Suspicious,27062,9/25/2026
547,https://www.f-secure.com/en,https://www.f-secure.com/en,200,html/000547.html,text/000547.txt,thirdparty/000547.json,Moderate,Tech,Suspicious,4847,9/25/2026
548,https://www.faa.gov/,https://www.faa.gov/,200,html/000548.html,text/000548.txt,thirdparty/000548.json,Safe,Government,Legitimate,3007,9/25/2026
549,https://www.f-secure.com/en/home/,https://www.f-secure.com/en,200,html/000549.html,text/000549.txt,thirdparty/000549.json,Moderate,Tech,Suspicious,4847,9/25/2026
550,https://www.fbi.gov/,https://www.fbi.gov/,200,html/000550.html,text/000550.txt,thirdparty/000550.json,Safe,Government,Legitimate,6454,9/25/2026
551,https://www.facebook.com/,https://m.facebook.com/?wtsid=rdr_0rbeCoQutyTUcCn5R,200,html/000551.html,text/000551.txt,thirdparty/000551.json,Safe,Social,Legitimate,39,9/25/2026
552,https://www.fda.gov/,https://www.fda.gov/,200,html/000552.html,text/000552.txt,thirdparty/000552.json,Safe,Government,Legitimate,1929,9/25/2026
553,https://www.fema.gov/,https://www.fema.gov/,200,html/000553.html,text/000553.txt,thirdparty/000553.json,Safe,Government,Legitimate,2932,9/25/2026
554,https://www.file.io/,https://www.file.io/,200,html/000554.html,text/000554.txt,thirdparty/000554.json,Moderate,Tech,Suspicious,6373,9/25/2026
555,https://www.freehosting.com/,https://www.freehosting.com/,200,html/000555.html,text/000555.txt,thirdparty/000555.json,Moderate,Tech,Suspicious,4002,9/25/2026
556,https://www.freeproxy.org/,https://www.freeproxy.org/,200,html/000556.html,text/000556.txt,thirdparty/000556.json,Moderate,Tech,Suspicious,112,9/25/2026
557,https://www.freenetproject.org/,https://www.hyphanet.org/index.html,200,html/000557.html,text/000557.txt,thirdparty/000557.json,Moderate,Tech,Suspicious,2759,9/25/2026
558,https://www.freewebhost.com/,https://www.freewebhost.com/,200,html/000558.html,text/000558.txt,thirdparty/000558.json,Moderate,Tech,Suspicious,1641,9/25/2026
559,https://www.freevirtualservers.com/,https://netnerd.com/,200,html/000559.html,text/000559.txt,thirdparty/000559.json,Moderate,Tech,Suspicious,23407,9/25/2026
560,https://www.geocities.ws/,https://www.geocities.ws/,200,html/000560.html,text/000560.txt,thirdparty/000560.json,Moderate,Tech,Suspicious,633,9/25/2026
561,https://www.github.com/,https://github.com/,200,html/000561.html,text/000561.txt,thirdparty/000561.json,Safe,Tech,Legitimate,4152,9/25/2026
562,https://www.google.com/,https://www.google.com/,200,html/000562.html,text/000562.txt,thirdparty/000562.json,Safe,Tech,Legitimate,539,9/25/2026
563,https://www.gov.uk/,https://www.gov.uk/,200,html/000563.html,text/000563.txt,thirdparty/000563.json,Safe,Government,Legitimate,2721,9/25/2026
564,https://www.green.edu.bd/,https://www.green.edu.bd/,200,html/000564.html,text/000564.txt,thirdparty/000564.json,Safe,Education,Legitimate,10518,9/25/2026
565,https://www.gov.ie/,https://www.gov.ie/en/,200,html/000565.html,text/000565.txt,thirdparty/000565.json,Safe,Government,Legitimate,2497,9/25/2026
566,https://www.harvard.edu/,https://www.harvard.edu/,200,html/000566.html,text/000566.txt,thirdparty/000566.json,Safe,Education,Legitimate,5058,9/25/2026
567,https://www.goldmansachs.com/,https://www.goldmansachs.com/,200,html/000567.html,text/000567.txt,thirdparty/000567.json,Safe,Finance,Legitimate,3372,9/25/2026
568,https://www.grameenphone.com/,https://www.grameenphone.com/,200,html/000568.html,text/000568.txt,thirdparty/000568.json,Safe,Tech,Legitimate,3738,9/25/2026
569,https://www.gov.sg/,https://www.gov.sg/,200,html/000569.html,text/000569.txt,thirdparty/000569.json,Safe,Government,Legitimate,1063,9/25/2026
570,https://www.hidemyass.com/,https://www.hidemyass.com/index,200,html/000570.html,text/000570.txt,thirdparty/000570.json,High,Adult,Suspicious,8682,9/25/2026
571,https://www.govt.nz/,https://www.govt.nz/,200,html/000571.html,text/000571.txt,thirdparty/000571.json,Safe,Government,Legitimate,2962,9/25/2026
572,https://www.hp.com/,https://www.hp.com/us-en/home.html,200,html/000572.html,text/000572.txt,thirdparty/000572.json,Safe,Tech,Legitimate,6355,9/25/2026
573,https://www.hide.me/en,https://hide.me/en/,200,html/000573.html,text/000573.txt,thirdparty/000573.json,Moderate,Tech,Suspicious,7961,9/25/2026
574,https://www.hide.me/,https://hide.me/en/,200,html/000574.html,text/000574.txt,thirdparty/000574.json,Moderate,Tech,Suspicious,7961,9/25/2026
575,https://www.hsbc.com/,https://www.hsbc.com/,200,html/000575.html,text/000575.txt,thirdparty/000575.json,Safe,Finance,Legitimate,5280,9/25/2026
576,https://www.ibm.com/,https://www.ibm.com/us-en,200,html/000576.html,text/000576.txt,thirdparty/000576.json,Safe,Tech,Legitimate,4633,9/25/2026
577,https://www.ice.gov/,https://www.ice.gov/,200,html/000577.html,text/000577.txt,thirdparty/000577.json,Safe,Government,Legitimate,4542,9/25/2026
578,https://www.hybrid-analysis.com/,https://hybrid-analysis.com/,200,html/000578.html,text/000578.txt,thirdparty/000578.json,Moderate,Malware,suspicious,15,9/25/2026
579,https://www.ificbank.com.bd/,https://ificbank.com.bd/,200,html/000579.html,text/000579.txt,thirdparty/000579.json,Safe,Finance,Legitimate,232,9/25/2026
580,https://www.india.gov.in/,https://www.india.gov.in/,200,html/000580.html,text/000580.txt,thirdparty/000580.json,Safe,Government,Legitimate,119,9/25/2026
581,https://www.ikea.com/,https://www.ikea.com/,200,html/000581.html,text/000581.txt,thirdparty/000581.json,Safe,Business,Legitimate,4920,9/25/2026
582,https://www.islamibankbd.com/,https://www.islamibankbd.com/,200,html/000582.html,text/000582.txt,thirdparty/000582.json,Safe,Finance,Legitimate,7394,9/25/2026
583,https://www.imgur.com/,https://imgur.com/,200,html/000583.html,text/000583.txt,thirdparty/000583.json,Moderate,Social,Suspicious,32,9/25/2026
584,https://www.hsbc.co.uk/,https://www.hsbc.co.uk/,200,html/000584.html,text/000584.txt,thirdparty/000584.json,Safe,Finance,Legitimate,4437,9/25/2026
585,https://www.ittefaq.com.bd/,https://www.ittefaq.com.bd/,200,html/000585.html,text/000585.txt,thirdparty/000585.json,Safe,News,Legitimate,7975,9/25/2026
586,https://www.japan.go.jp/,https://www.japan.go.jp/,200,html/000586.html,text/000586.txt,thirdparty/000586.json,Safe,Government,Legitimate,5232,9/25/2026
587,https://www.jpmorganchase.com/,https://www.jpmorganchase.com/,200,html/000587.html,text/000587.txt,thirdparty/000587.json,Safe,Finance,Legitimate,5083,9/25/2026
588,https://www.khanacademy.org/,https://www.khanacademy.org/,200,html/000588.html,text/000588.txt,thirdparty/000588.json,Safe,Education,Legitimate,228,9/25/2026
589,https://www.kaspersky.com/,https://www.kaspersky.com/,200,html/000589.html,text/000589.txt,thirdparty/000589.json,Safe,Tech,Legitimate,7220,9/25/2026
590,https://www.limetorrents.fun/,https://www.limetorrents.fun/,200,html/000590.html,text/000590.txt,thirdparty/000590.json,Safe,Business,Legitimate,627,9/25/2026
591,https://www.linkedin.com/,https://www.linkedin.com/,200,html/000591.html,text/000591.txt,thirdparty/000591.json,Safe,Tech,Legitimate,4205,9/25/2026
592,https://www.linux.org/,https://www.linux.org/,200,html/000592.html,text/000592.txt,thirdparty/000592.json,Safe,Tech,Legitimate,5581,9/25/2026
593,https://www.loan-forgiveness.org/,https://www.loan-forgiveness.org/,200,html/000593.html,text/000593.txt,thirdparty/000593.json,Safe,Business,Legitimate,2468,9/25/2026
594,https://www.java.com/en/download/,https://www.java.com/en/download/,200,html/000594.html,text/000594.txt,thirdparty/000594.json,Safe,Tech,Legitimate,1843,9/25/2026
595,https://www.lg.com/,https://www.lg.com/bd,200,html/000595.html,text/000595.txt,thirdparty/000595.json,safe,Tech,Legitimate,8242,9/25/2026
596,https://www.kaspersky.com/resource-center/threats,www.kaspersky.com,200,html/000596.html,text/000596.txt,thirdparty/000596.json,Safe,Tech,Legitimate,3229,9/24/2026
597,https://www.kaspersky.com/downloads/premium-free-trial,https://www.kaspersky.com/downloads/premium-free-trial,200,html/000597.html,text/000597.txt,thirdparty/000597.json,Safe,Shopping,Legitimate,2488,9/25/2026
598,https://www.kaspersky.com/free,https://www.kaspersky.com/downloads/premium-free-trial,200,html/000598.html,text/000598.txt,thirdparty/000598.json,Safe,Shopping,Legitimate,2440,9/25/2026
599,https://www.luckypatchers.com/,https://www.luckypatchers.com/,200,html/000599.html,text/000599.txt,thirdparty/000599.json,Moderate,Tech,Suspicious,11163,9/25/2026
600,https://www.kaspersky.com/free/,https://www.kaspersky.com/downloads/premium-free-trial,200,html/000600.html,text/000600.txt,thirdparty/000600.json,Safe,Tech,Legitimate,2488,9/25/2026
601,https://www.kaspersky.com/threats/,https://www.kaspersky.com/resource-center/threats,200,html/000601.html,text/000601.txt,thirdparty/000601.json,Moderate,Malware,Suspicious,3229,9/25/2026
602,https://www.mail-order-bride.com/,https://mail-order-bride.com/,200,html/000602.html,text/000602.txt,thirdparty/000602.json,Moderate,Social,Suspicious,42741,9/25/2026
603,https://www.lottoland.com/,https://www.lottoland.com/,200,html/000603.html,text/000603.txt,thirdparty/000603.json,Moderate,Betting,Illegal,12358,9/25/2026
604,https://www.malware-traffic-analysis.net/,https://www.malware-traffic-analysis.net/,200,html/000604.html,text/000604.txt,thirdparty/000604.json,High,Malware,Suspicious,837,9/25/2026
605,https://www.malware.net/,https://www.malware.net/,200,html/000605.html,text/000605.txt,thirdparty/000605.json,Moderate,Malware,Suspicious,2669,9/25/2026
606,https://www.malwarebytes.com/mwb-download,https://www.malwarebytes.com/mwb-download,200,html/000606.html,text/000606.txt,thirdparty/000606.json,Moderate,Malware,Suspicious,3271,9/25/2026
607,https://www.luckyvip.com/,https://www.luckyvip.com/,200,html/000607.html,text/000607.txt,thirdparty/000607.json,High,Phishing,Suspicious,14061,9/25/2026
608,https://www.malwarebytes.com/mwb-download/,https://www.malwarebytes.com/mwb-download,200,html/000608.html,text/000608.txt,thirdparty/000608.json,Moderate,Malware,Suspicious,3271,9/25/2026
609,https://www.match.com/,https://www.match.com/,200,html/000609.html,text/000609.txt,thirdparty/000609.json,Safe,Social,Legitimate,8855,9/25/2026
610,https://www.malwarebytes.org/,https://www.malwarebytes.com/,200,html/000610.html,text/000610.txt,thirdparty/000610.json,Moderate,Malware,Suspicious,7296,9/25/2026
611,https://www.microsoft.com/,https://www.microsoft.com/,200,html/000611.html,text/000611.txt,thirdparty/000611.json,Safe,Tech,Legitimate,248,9/25/2026
612,https://www.metmuseum.org/,https://www.metmuseum.org/,200,html/000612.html,text/000612.txt,thirdparty/000612.json,safe,Social,Legitimate,5282,9/25/2026
613,https://www.mit.edu/,https://www.mit.edu/,200,html/000613.html,text/000613.txt,thirdparty/000613.json,Safe,Education,Legitimate,2431,9/25/2026
614,https://www.meetup.com/,https://www.meetup.com/,200,html/000614.html,text/000614.txt,thirdparty/000614.json,Safe,Social,Legitimate,6221,9/25/2026
615,https://www.morganstanley.com/,https://www.morganstanley.com/,200,html/000615.html,text/000615.txt,thirdparty/000615.json,Safe,Finance,Legitimate,9729,9/25/2026
616,https://www.moddroid.com/,https://moddroid.com/,200,html/000616.html,text/000616.txt,thirdparty/000616.json,Moderate,Tech,Suspicious,5242,9/25/2026
617,https://www.moma.org/,https://www.moma.org/,200,html/000617.html,text/000617.txt,thirdparty/000617.json,Safe,Entertainment,Legitimate,3303,9/25/2026
618,https://www.mozilla.org/,https://www.mozilla.org/,200,html/000618.html,text/000618.txt,thirdparty/000618.json,Safe,Tech,Legitimate,1827,9/25/2026
619,https://www.mufg.jp/english/,https://www.mufg.jp/english/,200,html/000619.html,text/000619.txt,thirdparty/000619.json,Safe,Finance,Legitimate,1343,9/25/2026
620,https://www.mutualtrustbank.com/,https://www.mutualtrustbank.com/,200,html/000620.html,text/000620.txt,thirdparty/000620.json,Safe,Finance,Legitimate,3675,9/25/2026
621,https://www.nasa.gov/,https://www.nasa.gov/,200,html/000621.html,text/000621.txt,thirdparty/000621.json,Safe,Tech,Legitimate,3324,9/25/2026
622,https://www.nationalgeographic.com/,https://www.nationalgeographic.com/,200,html/000622.html,text/000622.txt,thirdparty/000622.json,Safe,Social,Legitimate,9011,9/25/2026
623,https://www.nbcnews.com/,https://www.nbcnews.com/,200,html/000623.html,text/000623.txt,thirdparty/000623.json,Safe,News,Legitimate,17651,9/25/2026
624,https://www.nederlandwereldwijd.nl/,https://www.nederlandwereldwijd.nl/,200,html/000624.html,text/000624.txt,thirdparty/000624.json,Safe,Tech,Legitimate,723,9/25/2026
625,https://www.neocities.org/,https://neocities.org/,200,html/000625.html,text/000625.txt,thirdparty/000625.json,Safe,Social,Legitimate,2172,9/25/2026
626,https://www.neocities.org/about,https://neocities.org/about,200,html/000626.html,text/000626.txt,thirdparty/000626.json,Safe,Social,Legitimate,2864,9/25/2026
627,https://www.newagebd.net/,https://www.newagebd.net/,200,html/000627.html,text/000627.txt,thirdparty/000627.json,Safe,News,Legitimate,9942,9/25/2026
628,https://www.newegg.com/,https://www.newegg.com/,200,html/000628.html,text/000628.txt,thirdparty/000628.json,Safe,Tech,Legitimate,8269,9/25/2026
629,https://www.notion.so/,https://www.notion.com/,200,html/000629.html,text/000629.txt,thirdparty/000629.json,Moderate,Phishing,Suspicious,1588,9/25/2026
630,https://www.onebank.com.bd/,https://www.onebank.com.bd/,200,html/000630.html,text/000630.txt,thirdparty/000630.json,Safe,Finance,Legitimate,10328,9/25/2026
631,https://www.observerbd.com/,https://www.observerbd.com/,200,html/000631.html,text/000631.txt,thirdparty/000631.json,Safe,News,Legitimate,12102,9/25/2026
632,https://www.norton.com/,https://us.norton.com/,200,html/000632.html,text/000632.txt,thirdparty/000632.json,Safe,Tech,Legitimate,13401,9/25/2026
633,https://www.oracle.com/java/technologies/downloads/,https://www.oracle.com/java/technologies/downloads/,200,html/000633.html,text/000633.txt,thirdparty/000633.json,Safe,Tech,Legitimate,17754,9/25/2026
634,https://www.online-lottery-tickets.com/,https://www.online-lottery-tickets.com/,200,html/000634.html,text/000634.txt,thirdparty/000634.json,High,Betting,Illegal,3558,9/25/2026
635,https://www.nottingham.ac.uk/,https://www.nottingham.ac.uk/,200,html/000635.html,text/000635.txt,thirdparty/000635.json,Safe,Education,Legitimate,2346,9/25/2026
636,https://www.pandasecurity.com/,https://www.pandasecurity.com/,200,html/000636.html,text/000636.txt,thirdparty/000636.json,Safe,Tech,Legitimate,288,9/25/2026
637,https://www.othoba.com/,https://othoba.com/,200,html/000637.html,text/000637.txt,thirdparty/000637.json,Safe,Shopping,Legitimate,2932,9/25/2026
638,https://www.pastebin.com/,https://pastebin.com/,200,html/000638.html,text/000638.txt,thirdparty/000638.json,Moderate,Tech,Suspicious,3944,9/25/2026
639,https://www.p30pay.com/,https://www.p30pay.com/,200,html/000639.html,text/000639.txt,thirdparty/000639.json,Safe,Finance,Legitimate,961,9/25/2026
640,https://www.pickaboo.com/,https://www.pickaboo.com/,200,html/000640.html,text/000640.txt,thirdparty/000640.json,Safe,Shopping,Legitimate,595,9/25/2026
641,https://www.partypoker.com/,https://www.partypoker.com/en/poker,200,html/000641.html,text/000641.txt,thirdparty/000641.json,Moderate,Betting,Illegal,10,9/25/2026
642,https://www.norton.com/setup/,https://my.norton.com/extspa/onboard,200,html/000642.html,text/000642.txt,thirdparty/000642.json,Safe,Tech,Legitimate,129,9/25/2026
643,https://www.password-reset.net/,https://www.password-reset.net/,200,html/000643.html,text/000643.txt,thirdparty/000643.json,High,Phishing,Suspicious,266,9/25/2026
644,https://www.pokerstars.com/,https://www.pokerstars.com/,200,html/000644.html,text/000644.txt,thirdparty/000644.json,High,Betting,Illegal,9959,9/25/2026
645,https://www.primebank.com.bd/,https://www.primebank.com.bd/,200,html/000645.html,text/000645.txt,thirdparty/000645.json,Safe,Finance,Legitimate,1086,9/25/2026
646,https://www.pranfoods.net/,https://www.pranfoods.net/,200,html/000646.html,text/000646.txt,thirdparty/000646.json,Safe,Shopping,Legitimate,5833,9/25/2026
647,https://www.pornoxo.com/,https://www.pornoxo.com/,200,html/000647.html,text/000647.txt,thirdparty/000647.json,Moderate,Adult,NSFW,14222,9/25/2026
648,https://www.pokerstars.com/poker,https://www.pokerstars.com/,200,html/000648.html,text/000648.txt,thirdparty/000648.json,Moderate,Betting,Illegal,9959,9/25/2026
649,https://www.pornhub.net/,https://www.pornhub.com/,200,html/000649.html,text/000649.txt,thirdparty/000649.json,Moderate,Adult,NSFW,10152,9/25/2026
650,https://www.pornhub.org/,https://www.pornhub.com/,200,html/000650.html,text/000650.txt,thirdparty/000650.json,Moderate,Adult,NSFW,9398,9/25/2026
651,https://www.proxysite.com/,https://www.proxysite.com/,200,html/000651.html,text/000651.txt,thirdparty/000651.json,Moderate,Tech,Suspicious,1809,9/25/2026
652,https://www.python.org/,https://www.python.org/,200,html/000652.html,text/000652.txt,thirdparty/000652.json,Safe,Tech,Legitimate,2289,9/25/2026
653,https://www.privacytools.io/,https://privacytools.io/,200,html/000653.html,text/000653.txt,thirdparty/000653.json,Safe,Tech,Legitimate,8704,9/25/2026
654,https://www.proxyweb.org/,https://www.proxyweb.org/,200,html/000654.html,text/000654.txt,thirdparty/000654.json,Moderate,Tech,Suspicious,4532,9/25/2026
655,https://www.prothomalo.com/,https://www.prothomalo.com/,200,html/000655.html,text/000655.txt,thirdparty/000655.json,Safe,News,Legitimate,20209,9/25/2026
656,https://www.qbittorrent.com/,https://qbittorrent.com/,200,html/000656.html,text/000656.txt,thirdparty/000656.json,Moderate,Tech,Suspicious,15160,9/25/2026
657,https://www.redhat.com/en,https://www.redhat.com/en,200,html/000657.html,text/000657.txt,thirdparty/000657.json,Moderate,Malware ,Suspicious,15279,9/25/2026
658,https://www.redhat.com/,https://www.redhat.com/en,200,html/000658.html,text/000658.txt,thirdparty/000658.json,Moderate,Malware,Suspicious,15279,9/25/2026
659,https://www.robi.com.bd/,https://www.robi.com.bd/en,200,html/000659.html,text/000659.txt,thirdparty/000659.json,Safe,Tech,Legitimate,30,9/25/2026
660,https://www.sailor.clothing/,https://www.sailor.clothing/,200,html/000660.html,text/000660.txt,thirdparty/000660.json,Safe,Shopping,Legitimate,137,9/25/2026
661,https://www.salesforce.com/,https://www.salesforce.com/in/?ir=1&bc=OTH,200,html/000661.html,text/000661.txt,thirdparty/000661.json,Moderate,Finance,Suspicious,5528,9/25/2026
662,https://www.rokomari.com/,https://www.rokomari.com/,200,html/000662.html,text/000662.txt,thirdparty/000662.json,Safe,Shopping,Legitimate,43448,9/25/2026
663,https://www.salesforce.com/in/?ir=1&bc=OTH,https://www.salesforce.com/in/?ir=1&bc=OTH,200,html/000663.html,text/000663.txt,thirdparty/000663.json,Moderate,Finance,Suspicious,5528,9/25/2026
664,https://www.samsung.com/,https://www.samsung.com/bd/,200,html/000664.html,text/000664.txt,thirdparty/000664.json,Safe,Tech,Legitimate,3686,9/25/2026
665,https://www.samakal.com/,https://samakal.com/,200,html/000665.html,text/000665.txt,thirdparty/000665.json,Safe,News,Legitimate,25375,9/25/2026
666,https://www.santander.com/,https://www.santander.com/en/home,200,html/000666.html,text/000666.txt,thirdparty/000666.json,Safe,Tech,Legitimate,6405,9/25/2026
667,https://www.sendspace.com/,https://www.sendspace.com/,200,html/000667.html,text/000667.txt,thirdparty/000667.json,Moderate,Shopping,Suspicious,160,9/25/2026
668,https://www.service-public.fr/,https://www.service-public.gouv.fr/,200,html/000668.html,text/000668.txt,thirdparty/000668.json,Moderate,Social,Suspicious,2050,9/25/2026
669,https://www.sheffield.ac.uk/,https://sheffield.ac.uk/,200,html/000669.html,text/000669.txt,thirdparty/000669.json,Safe,Education,Legitimate,3884,9/25/2026
670,https://www.shopify.com/,https://www.shopify.com/,200,html/000670.html,text/000670.txt,thirdparty/000670.json,Safe,Shopping,Legitimate,3564,9/25/2026
671,https://www.shorturl.at/,https://www.shorturl.at/,200,html/000671.html,text/000671.txt,thirdparty/000671.json,Moderate,Tech,Suspicious,1638,9/25/2026
672,https://www.shorturl.at/api,https://www.shorturl.at/api,200,html/000672.html,text/000672.txt,thirdparty/000672.json,Moderate,Tech,Suspicious,294,9/25/2026
673,https://www.skype.com/en/download-skype/,https://teams.live.com/free?source=skype,200,html/000673.html,text/000673.txt,thirdparty/000673.json,Safe,Social,Legitimate,1130,9/25/2026
674,https://www.siemens.com/,https://www.siemens.com/en-us/,200,html/000674.html,text/000674.txt,thirdparty/000674.json,Safe,Tech,Legitimate,8018,9/25/2026
675,https://www.slots.lv/,https://www.slots.lv/,200,html/000675.html,text/000675.txt,thirdparty/000675.json,Moderate,Betting,Illegal,9683,9/25/2026
676,https://www.slotocash.com/,https://www.slotocash.im/,200,html/000676.html,text/000676.txt,thirdparty/000676.json,Moderate,Entertainment,Suspicious,16072,9/25/2026
677,https://www.snapchat.com/,https://www.snapchat.com/,200,html/000677.html,text/000677.txt,thirdparty/000677.json,Safe,Social,Legitimate,5813,9/25/2026
678,https://www.sonalibank.com.bd/,https://www.sonalibank.com.bd/,200,html/000678.html,text/000678.txt,thirdparty/000678.json,Safe,Finance,Legitimate,3214,9/25/2026
679,https://www.somewhereinblog.net/,https://m.somewhereinblog.net/mobile/,200,html/000679.html,text/000679.txt,thirdparty/000679.json,Moderate,Social,Suspicious,6374,9/25/2026
680,https://www.sites.google.com/,https://accounts.google.com/v3/signin/identifier?continue=https://sites.google.com/&followup=https://sites.google.com/&osid=1&passive=1209600&service=wise&flowName=GlifWebSignIn&flowEntry=ServiceLogin&dsh=S-2045614821:1790272973331400,200,html/000680.html,text/000680.txt,thirdparty/000680.json,Safe,Tech,Legitimate,144,9/25/2026
681,https://www.stamforduniversity.edu.bd/,https://www.stamforduniversity.edu.bd/,200,html/000681.html,text/000681.txt,thirdparty/000681.json,Safe,Education,Legitimate,7054,9/25/2026
682,https://www.stanford.edu/,https://www.stanford.edu/,200,html/000682.html,text/000682.txt,thirdparty/000682.json,Safe,Education,Legitimate,4765,9/25/2026
683,https://www.soton.ac.uk/,https://www.southampton.ac.uk/,200,html/000683.html,text/000683.txt,thirdparty/000683.json,Safe,Education,Legitimate,28248,9/25/2026
684,https://www.supremecourt.gov/,https://www.supremecourt.gov/,200,html/000684.html,text/000684.txt,thirdparty/000684.json,Safe,Government,Legitimate,4837,9/25/2026
685,https://www.tbsnews.net/,https://www.tbsnews.net/,200,html/000685.html,text/000685.txt,thirdparty/000685.json,Safe,News,Legitimate,8768,9/25/2026
686,https://www.tate.org.uk/,https://www.tate.org.uk/,200,html/000686.html,text/000686.txt,thirdparty/000686.json,Safe,Social,Legitimate,1982,9/25/2026
687,https://www.teamviewer.com/en-us/download/windows/,https://www.teamviewer.com/en-us/download/windows/,200,html/000687.html,text/000687.txt,thirdparty/000687.json,Safe,Tech,Legitimate,3288,9/25/2026
688,https://www.teamviewer.com/en-us/download/,https://www.teamviewer.com/en-us/download/windows/,200,html/000688.html,text/000688.txt,thirdparty/000688.json,Safe,Tech,Legitimate,3288,9/25/2026
689,https://www.thedailystar.net/,https://www.thedailystar.net/,200,html/000689.html,text/000689.txt,thirdparty/000689.json,Safe,News,Legitimate,11032,9/25/2026
690,https://www.sydney.edu.au/,https://www.sydney.edu.au/,200,html/000690.html,text/000690.txt,thirdparty/000690.json,Safe,Education,Legitimate,3734,9/25/2026
691,https://www.target.com/,https://www.target.com/,200,html/000691.html,text/000691.txt,thirdparty/000691.json,Safe,Shopping,Legitimate,3439,9/25/2026
692,https://www.theguardian.com/,https://www.theguardian.com/international,200,html/000692.html,text/000692.txt,thirdparty/000692.json,Safe,News,Legitimate,18463,9/25/2026
693,https://www.thehindu.com/,https://www.thehindu.com/,200,html/000693.html,text/000693.txt,thirdparty/000693.json,Safe,News,Legitimate,11039,9/25/2026
694,https://www.thecholobd.com/,https://www.thecholobd.com/login,200,html/000694.html,text/000694.txt,thirdparty/000694.json,Safe,Social,Legitimate,539,9/25/2026
695,https://www.superantispyware.com/,https://www.superantispyware.com/,200,html/000695.html,text/000695.txt,thirdparty/000695.json,Moderate,Malware,Suspicious,2104,9/25/2026
696,https://www.torproject.org/,https://www.torproject.org/,200,html/000696.html,text/000696.txt,thirdparty/000696.json,Moderate,Tech,Suspicious,30,9/25/2026
697,https://www.tiktok.com/,https://www.tiktok.com/,200,html/000697.html,text/000697.txt,thirdparty/000697.json,Safe,Social,Legitimate,22,9/25/2026
698,https://www.tensorflow.org/,https://www.tensorflow.org/,200,html/000698.html,text/000698.txt,thirdparty/000698.json,Safe,Tech,Legitimate,4067,9/25/2026
699,https://www.toyota.com/,https://www.toyota.com/,200,html/000699.html,text/000699.txt,thirdparty/000699.json,Safe,Tech,Legitimate,12816,9/25/2026
700,https://www.transmissionbt.com/,https://transmissionbt.com/,200,html/000700.html,text/000700.txt,thirdparty/000700.json,Moderate,Tech,Suspicious,2268,9/25/2026
701,https://www.trendmicro.com/,https://www.trendmicro.com/en_gb/business.html,200,html/000701.html,text/000701.txt,thirdparty/000701.json,Moderate,Finance,Suspicious,4033,9/25/2026
702,https://www.treasury.gov/,https://home.treasury.gov/,200,html/000702.html,text/000702.txt,thirdparty/000702.json,Safe,Finance,Legitimate,8932,9/25/2026
703,https://www.tsa.gov/,https://www.tsa.gov/,200,html/000703.html,text/000703.txt,thirdparty/000703.json,Safe,Government,Legitimate,2109,9/25/2026
704,https://www.trendmicro.com/us/home/products/,https://www.trendmicro.com/en_us/forHome/products.html,200,html/000704.html,text/000704.txt,thirdparty/000704.json,Moderate,Finance,Suspicious,5970,9/25/2026
705,https://www.trendmicro.com/en_us/forHome/products.html,https://www.trendmicro.com/en_us/forHome/products.html,200,html/000705.html,text/000705.txt,thirdparty/000705.json,Moderate,Finance,Suspicious,5970,9/25/2026
706,https://www.transcombd.com/,https://www.transcombd.com/,200,html/000706.html,text/000706.txt,thirdparty/000706.json,Safe,Business,Legitimate,1191,9/25/2026
707,https://www.tumblr.com/,https://www.tumblr.com/,200,html/000707.html,text/000707.txt,thirdparty/000707.json,Safe,Entertainment,Legitimate,89,9/25/2026
708,https://www.tube8.com/,https://www.tube8.com/,200,html/000708.html,text/000708.txt,thirdparty/000708.json,Moderate,Adult,NSFW,11009,9/25/2026
709,https://www.twitter.com/,https://x.com/,200,html/000709.html,text/000709.txt,thirdparty/000709.json,Safe,Social,Legitimate,295,9/25/2026
710,https://www.turbo.net/,https://www.turbo.net/,200,html/000710.html,text/000710.txt,thirdparty/000710.json,Moderate,Shopping,Suspicious,3459,9/25/2026
711,https://www.uap-bd.edu/,https://www.uap-bd.edu/,200,html/000711.html,text/000711.txt,thirdparty/000711.json,Safe,Education,Legitimate,4580,9/25/2026
712,https://www.ulab.edu.bd/,https://www.ulab.edu.bd/,200,html/000712.html,text/000712.txt,thirdparty/000712.json,Safe,Education,Legitimate,17696,9/25/2026
713,https://www.unsw.edu.au/,https://www.unsw.edu.au/,200,html/000713.html,text/000713.txt,thirdparty/000713.json,Safe,Education,Legitimate,4420,9/25/2026
714,https://www.uptodown.com/,https://www.uptodown.com/,200,html/000714.html,text/000714.txt,thirdparty/000714.json,Moderate,Tech,Suspicious,14583,9/25/2026
715,https://www.usps.com/,https://www.usps.com/,200,html/000715.html,text/000715.txt,thirdparty/000715.json,Moderate,Shopping,Suspicious,6542,9/25/2026
716,https://www.usa.gov/,https://www.usa.gov/,200,html/000716.html,text/000716.txt,thirdparty/000716.json,Safe,Government,Legitimate,3032,9/25/2026
717,https://www.utoronto.ca/,https://www.utoronto.ca/,200,html/000717.html,text/000717.txt,thirdparty/000717.json,Safe,News,Legitimate,1745,9/25/2026
718,https://www.verify-identity.org/,https://www.verify-identity.org/,200,html/000718.html,text/000718.txt,thirdparty/000718.json,High,Other,Phishing,406,9/25/2026
719,https://www.vegas.com/,https://www.vegas.com/,200,html/000719.html,text/000719.txt,thirdparty/000719.json,Safe,Shopping,Legitimate,1231,9/25/2026
720,https://www.videolan.org/,https://www.videolan.org/,200,html/000720.html,text/000720.txt,thirdparty/000720.json,Moderate,Tech,Suspicious,9471,9/25/2026
721,https://www.virustotal.com/,https://www.virustotal.com/gui/,200,html/000721.html,text/000721.txt,thirdparty/000721.json,Moderate,Tech,Suspicious,10,9/25/2026
722,https://www.walmart.com/,https://www.walmart.com/,200,html/000722.html,text/000722.txt,thirdparty/000722.json,Safe,Shopping,Legitimate,624,9/25/2026
723,https://www.vpnbook.com/,https://www.vpnbook.com/,200,html/000723.html,text/000723.txt,thirdparty/000723.json,Moderate,Tech,Suspicious,2077,9/25/2026
724,https://www.vuze.com/,https://www.vuze.com/,200,html/000724.html,text/000724.txt,thirdparty/000724.json,Moderate,Tech,Suspicious,3099,9/25/2026
725,https://www.waltonbd.com/,https://waltonbd.com/,200,html/000725.html,text/000725.txt,thirdparty/000725.json,Safe,Tech,Legitimate,2732,9/25/2026
726,https://www.vpngate.net/,https://www.vpngate.net/en/,200,html/000726.html,text/000726.txt,thirdparty/000726.json,Moderate,Tech,Suspicious,41795,9/25/2026
727,https://www.webnode.com/,https://www.webnode.com/,200,html/000727.html,text/000727.txt,thirdparty/000727.json,Moderate,Tech,Suspicious,5452,9/25/2026
728,https://www.w3.org/,https://www.w3.org/,200,html/000728.html,text/000728.txt,thirdparty/000728.json,Safe,News,Legitimate,3106,9/25/2026
729,https://www.vk.com/,https://vk.com/,200,html/000729.html,text/000729.txt,thirdparty/000729.json,Moderate,Tech,Suspicious,37,9/25/2026
730,https://www.wellsfargo.com/,https://www.wellsfargo.com/,200,html/000730.html,text/000730.txt,thirdparty/000730.json,Safe,Finance,Legitimate,10218,9/25/2026
731,https://www.wikipedia.org/,https://www.wikipedia.org/,200,html/000731.html,text/000731.txt,thirdparty/000731.json,Safe,News,Legitimate,11508,9/25/2026
732,https://www.wetransfer.com/,https://wetransfer.com/,200,html/000732.html,text/000732.txt,thirdparty/000732.json,Moderate,Tech,Suspicious,34,9/25/2026
733,https://www.whitehouse.gov/,https://www.whitehouse.gov/,200,html/000733.html,text/000733.txt,thirdparty/000733.json,Safe,Government,Legitimate,1346,9/25/2026
734,https://www.winzip.com/en/,https://www.winzip.com/en/,200,html/000734.html,text/000734.txt,thirdparty/000734.json,Safe,Tech,Legitimate,2280,9/25/2026
735,https://www.wireshark.org/,https://www.wireshark.org/,200,html/000735.html,text/000735.txt,thirdparty/000735.json,Moderate,Tech,Suspicious,3821,9/25/2026
736,https://www.win-rar.com/,https://www.win-rar.com/,200,html/000736.html,text/000736.txt,thirdparty/000736.json,Safe,Tech,Legitimate,1040,9/25/2026
737,https://www.winzip.com/,https://www.winzip.com/en/,200,html/000737.html,text/000737.txt,thirdparty/000737.json,Safe,Tech,Legitimate,2280,9/25/2026
738,https://www.winrar.com/,https://www.win-rar.com/,200,html/000738.html,text/000738.txt,thirdparty/000738.json,Safe,Tech,Legitimate,1040,9/25/2026
739,https://www.xhamster.com/,https://xhamster.com,200,html/000739.html,text/000739.txt,thirdparty/000739.json,Moderate,Adult,NSFW,3228,9/25/2026
740,https://www.xhamster.com/categories,https://xhamster.com/categories,200,html/000740.html,text/000740.txt,thirdparty/000740.json,Moderate,Adult,NSFW,7384,9/25/2026
741,https://www.xhamster.net/,https://xhamster.net/,200,html/000741.html,text/000741.txt,thirdparty/000741.json,Moderate,Adult,NSFW,1289,9/25/2026
742,https://www.xnxx.com/,https://www.xnxx.com/,200,html/000742.html,text/000742.txt,thirdparty/000742.json,Moderate,Adult,NSFW,925,9/25/2026
743,https://www.xhamster.org/,https://xhamster.com/,200,html/000743.html,text/000743.txt,thirdparty/000743.json,Moderate,Adult,NSFW,3342,9/25/2026
744,https://www.xnxx.net/,https://www.xnxx.net/,200,html/000744.html,text/000744.txt,thirdparty/000744.json,Moderate,Adult,NSFW,4040,9/25/2026
745,https://www.xvideos3.com/,https://www.xvideos3.com/,200,html/000745.html,text/000745.txt,thirdparty/000745.json,Moderate,Adult,NSFW,6413,9/25/2026
746,https://www.xnxx.org/,https://www.xnxx.org/,200,html/000746.html,text/000746.txt,thirdparty/000746.json,Moderate,Adult,NSFW,4004,9/25/2026
747,https://www.yale.edu/,https://www.yale.edu/,200,html/000747.html,text/000747.txt,thirdparty/000747.json,Safe,Education,Legitimate,3300,9/25/2026
748,https://www.xvideos5.com/,https://www.xvideos5.com/,200,html/000748.html,text/000748.txt,thirdparty/000748.json,Moderate,Adult,NSFW,6413,9/25/2026
749,https://www.xnxx.info/,http://ww31.xnxx.info/,200,html/000749.html,text/000749.txt,thirdparty/000749.json,Moderate,Adult,NSFW,44,9/25/2026
750,https://www.yellowclothing.net/,https://www.yellowclothing.net/,200,html/000750.html,text/000750.txt,thirdparty/000750.json,Safe,shopping,Legitimate,5114,9/25/2026
751,https://www.yola.com/,https://www.yola.com/,200,html/000751.html,text/000751.txt,thirdparty/000751.json,Safe,Business,Legitimate,7244,9/25/2026
752,https://www.youporn.com/,https://www.youporn.com/,200,html/000752.html,text/000752.txt,thirdparty/000752.json,Moderate,Adult,NSFW,11089,9/25/2026
753,https://www.youtube.com/,https://www.youtube.com/,200,html/000753.html,text/000753.txt,thirdparty/000753.json,Safe,Entertainment,Legitimate,456,9/25/2026
754,https://www.zalando.com/,https://www.zalando.com/,200,html/000754.html,text/000754.txt,thirdparty/000754.json,Safe,Tech,Legitimate,333,9/25/2026
755,https://www.zoosk.com/,https://www.zoosk.com/,200,html/000755.html,text/000755.txt,thirdparty/000755.json,Moderate,Tech,Suspicious,1868,9/25/2026
756,https://www2-facebook.com/,https://www2-facebook.com/,200,html/000756.html,text/000756.txt,thirdparty/000756.json,Moderate,Social,Suspicious,419,9/25/2026
757,https://www.zippyshare.com/,https://www.zippyshare.com/,200,html/000757.html,text/000757.txt,thirdparty/000757.json,Moderate,Tech,Suspicious,725,9/25/2026
758,https://www3.nhk.or.jp/nhkworld/,https://www3.nhk.or.jp/nhkworld/,200,html/000758.html,text/000758.txt,thirdparty/000758.json,Safe,News,Legitimate,91,9/25/2026
759,https://www.zenmate.com/,https://zenmate.com/,200,html/000759.html,text/000759.txt,thirdparty/000759.json,Safe,Tech,Legitimate,3199,9/25/2026
760,https://x.com/,https://x.com/,200,html/000760.html,text/000760.txt,thirdparty/000760.json,Safe,Social,Legitimate,295,9/25/2026
761,https://wwww-linkedin.be/,https://wwww-linkedin.be/,200,html/000761.html,text/000761.txt,thirdparty/000761.json,Safe,Social,Legitimate,418,9/25/2026
762,https://zepo.ai/,https://zepo.ai/,200,html/000762.html,text/000762.txt,thirdparty/000762.json,Moderate,Tech,Suspicious,6865,9/25/2026
